match_id,team_name
001a1f289e3bab22,10
001f50c8547e2e73,10
002f613ae09ad421,9
003aefd58000cbd6,10
003dba1358cd918a,10
005a9b7b25ee9ac5,10
0073b31255641f6c,10
0076dde983f72733,10
00986b51908a63c3,10
00a7858e986c8d87,10
00bad4da4d94bdbf,10
00c7bcac9e02c63a,10
00df84280ed2625b,10
00e4eb2c47c14065,10
010806395ccc936c,10
011812adaddc83e0,10
01368b5ce8fcef87,10
01417eebd0d9ccb3,10
0156b7df31ad8a79,10
016ac9c66c8ac080,10
01a96409b7684abe,10
01aec9f5934783bc,10
01af899d3540b3e8,10
01b203061ba62154,10
01b3f6da3669f2e0,10
01ba7b307c7b8202,10
01cc9b6ed7a1399c,10
01dd2d806162619a,10
01de05166befb130,10
01f5e2ea22b0aa6a,10
02026af18269d92c,10
02028334d7d140fa,10
0213115c2f20bacd,10
0217774f5fcfd38c,10
0222a96c1bc9a892,10
0229872b393c3da5,10
0249b915baf404f2,10
0252d1b630f3bb39,10
028b7ab92a345cf5,10
02a02ea44b0b14c5,10
02a3e78ea1ea6e23,10
02a54b0f61a8af09,10
02acb71d99b67bd7,10
02b9060a6ab61fc5,10
02bb50cd9654cf5d,10
02cc26d22aee2848,10
02da363c63f11c8c,10
02e4fa0156c319e6,10
02fe6775b364438e,10
030bab19effe717c,10
0310e0364acebf89,10
032033cddc7b870b,10
032ec6732c142a08,10
03336bc5758a759d,10
035f73b1b70fb706,10
0364e2e542b777a4,10
036c385c6932f9df,10
036e6cef9568efd8,10
037bf9c7473334ac,10
038de38887156e3a,10
03ce6fcebc623234,10
03d24db4e9f84a1e,10
03d50976ba570b35,10
03d53124a83de518,10
03e63541154cbf11,10
03e84bb32f2423fc,10
0418fe2b0ce96318,10
042ec83d7a8f88aa,10
0448c97e526ab0f7,10
0456e04690de8c6f,10
0461de71f9989ba7,10
0464ba4b2048d781,10
048402ddf75bef64,9
048cce3454866c45,10
04913800614ff1ac,10
049ca2add45db410,10
04a408ebb33a317c,10
04ad96cea3acd7df,10
04d6388306d1e785,10
04e095c64c5769b7,10
04ecdf312cd55f6b,10
04f29577b8665371,10
04f2f07b3f7a9d83,10
05054169c81539b4,10
05418d865b63dd88,10
0543b77fdf55e52e,10
055172ab7f1efc4c,10
055b17da8456fdc8,10
0565660d8b72d749,10
057fcb4968b25e0f,10
0590ddde97cb82d0,10
05abd4c334651b0d,10
05e2c8eaa9547ff1,10
05e7ce7165b3a533,10
060673f2d5b5fa1c,10
06368b209802df9f,10
063f88396ebefd89,10
064626c82d297ff8,10
065c380f65fa59d2,10
068ca292c82f4758,10
06b32933bc151a38,10
06b4c4cd5e4b5f33,9
06bb5d69b6d46051,10
06c1db9af13bdc0a,10
06db1353b32f6f1f,10
06f228fd93d5add5,10
06f7ed66c4a2ebfd,10
0703355279ad76bd,10
0716f9e3d5c1c5fe,10
0719d075fd39f3dc,10
072c2b0bc489d7e3,10
0732428e8e182fc4,10
073bec0dc2b00865,10
074aad5bf8271db7,10
076cf8f090de1f98,10
078b0ea503a36fee,10
07a2d5c57b595301,10
07acc2f179e16e5a,10
07bfc90bea44abdf,10
07dd7f478849248b,10
07f89ba08ad1f2b3,10
0877aa19eb0decf8,10
08834a307e2499fd,10
088793e961a98ba3,10
08cace00c3aec3f2,10
08e695ce409fc198,10
08e7331c24396957,10
08f3ce8ac9cbd0a0,10
090fc77d706e30cc,10
091c862c58b4fc5d,10
091e9cf7f58de3b1,10
092fbdd0935158ba,10
0949493e4b1d2840,10
095f04e06c7fe592,10
0983b061a3de0700,10
09b4260bc296eb42,10
09d9dc4c7b495ace,10
0a02726928445cdc,10
0a0e8846b9dd4ef7,10
0a0ecdfbe1497be1,10
0a16bac145768a03,10
0a182ab8213f37e4,10
0a41b33180c32724,10
0a5108ce4179f9da,10
0a63abe984bfef2d,10
0a6dd1a22f416be4,10
0a832eea1bca60d1,10
0a8b4c4177376b12,10
0aa7038786e19c70,10
0ab93222dccf8784,10
0abe526de3932809,10
0ac141320e5d0d1a,10
0aef51a0dbe55dd0,10
0b096f92735d1c44,10
0b2f5db5a1e87c90,10
0b4828b263b93d18,10
0b4c26291a757a2d,10
0b5a9e07d29c35e5,10
0b8625c860215a9f,10
0c01aad38de177d7,10
0c16aabec2ec129b,10
0c28ee7d01a09cc3,10
0c4a30175b46ac73,10
0c602571c60cc7ae,10
0c657fe1e7da84ea,10
0c6d2faf595809fa,10
0c747713dc79bc86,10
0c8bb595be5bb54e,10
0c911a50844a8d37,10
0c93d2340007ebf9,10
0c99f9a27d6a1a69,10
0ca38e86e4a327d7,10
0cd8238034aec606,10
0ce321162a09233f,10
0ce3cff3ee930c35,10
0cfc20106031d777,10
0d42f504c2492f8a,10
0d6435b31bfa3c40,10
0d6831599620d2bd,10
0d69b8d1b636da2f,10
0d916de390dd3852,10
0daca494b7eb4292,10
0dd958084f9e0e67,10
0ddf22cf6af50bf3,10
0dea3381dd8783f4,10
0e0df6658e6017ca,10
0e14cb721685588d,10
0e3392f0f72f5f94,10
0e477fff64377f93,10
0e77fe9ce1eeb96b,10
0e79fba0d5505f56,10
0e7bd049ef8baa67,10
0e95d971fc903f68,10
0e97c8cd0de39e78,10
0eacfe6f8a4cfb3d,10
0eb3372f9377b0af,10
0ed1cd0e0e57329c,10
0eda4e2407d59837,10
0ee1b310e90f7f13,10
0ef19c7f488ab072,10
0f15c2690aedae7a,10
0f23e9f0cf5aacf1,10
0f43ac3d84784545,10
0f6e22ad6d63292f,10
0f6f8fb33de0777e,10
0f743e2bda191d26,10
0f7d5b795f80f910,10
0f8b6abeb8cb90c0,10
0f8ed0b2b5009258,10
0f9b2226281d75bf,10
0fa2c4f29fca01c6,10
0fbe14af53a12b95,10
0fc6e4425e0da906,10
0fca4b8527d8a3cb,10
0fceb9a2c8ccff23,10
0ff43d0000d7eef4,10
0fff3ee4c1bc24fb,10
100bddb1ebe0884a,10
101816173ebc860f,10
101e59a94cf6f805,9
102a038fd6d337a1,10
102dee1a99ace808,10
1030cc0000d80604,10
1071db097fb51c39,10
10817559c579d527,10
108ada2fdf1a2a8e,10
1093977366149dac,10
1093bf6a2a8b4fb6,10
10e13df564533247,10
10e542b3146af3ed,10
10f003b98fed519c,10
10f0e8237394bafc,10
110529bb7bc23ade,10
110a293193802baf,10
111d7ae6ebddff84,10
11309f9a28d31ba8,10
1137cf8f26e9ec00,10
11438bc40e1b7b71,10
114fbccb7b56fd51,10
115553e3b5040446,10
11600a26e4891be0,10
11614ee6f1ff3790,10
116195c2d05978be,10
11752eecfdb459ae,10
11784525dd206602,10
117d998745ae6275,10
117f80425ffab98f,10
1182d84df2c13028,10
118f365dbde2fb26,10
119e130aa6980daa,10
11a78aa664d9e027,10
11bb6f2851c54b92,10
11c836ca43650726,10
11cdb2da27970673,10
11df9e8fe3eaeb24,10
11e3596513c3460b,10
1208f907001325de,10
122017eb8551ee91,10
1221b7d9c7892d66,10
122e274a5417860d,10
123c6b03d4f4bcb6,10
12483662b0a3c3d7,10
12516475741700a3,10
1280988e96d673a7,10
1282b1f45095d591,10
128e35daaf0a5e80,10
129244fa5493bfd3,10
1297109bc8944711,10
12a38a55a9d5cf18,10
12b64c7abc882555,10
12c492ad170a9c08,10
12da6b98a5913c2b,10
12f4f92aabaf3430,10
130401184ab40e7d,10
131a690ccfe38b23,10
1350ea1e25288b69,10
1358d3ae04858e4e,10
135965dfce5b09eb,10
1367042b3d690fc4,10
13a042a853b9187c,10
13b4ab6b20854b95,10
13bd3b91846376ef,10
13d137c3fc48b06e,10
13f1eee5c5a2bf31,10
1422d1ee56c805d7,10
14244d6d8e14ef8d,10
143bb33413da1fa4,10
144a61fe906e3ea8,10
147c15c360c11bc2,10
148c2c21ee7ce4fe,10
14a4fc957ff3010f,10
14cdf682c4003638,10
14cf37acdfd3d4ac,10
14ec28f5c66e1a98,10
150b1d2a1efd4910,10
1513cbbe7bb9211b,10
152b25d693277472,10
153887803a66bd44,10
156c61e72b9717af,10
156fcf3fa2776e3f,10
15722992105eecdc,10
157e88bc9da0d4ba,10
159f3b8819030da0,10
15a0d2482f0fdb1b,10
15b743f9f7dd96a7,10
15bbe15f08027d06,10
15bfc7c42815e1a9,10
15c514146c922d64,10
15d5e710607ed3d8,10
15dc2f93edd76079,10
15df683db02d5aa2,10
15eda5da79eee413,10
1611c1c37df63afe,10
162f4c71cddceb26,10
165557e2d222f401,10
165b95e5be6189f7,10
1662f406148bdc79,10
16649bc38792f96d,10
166ba95a0c3e13a5,10
167b36127fdced39,10
169d2462e2598591,10
16a21e07249c4c43,10
16b716b8b1298472,10
16bf512bed2cc8a1,10
16ed38cfb6acd928,10
1716c16bd1224eab,10
17207efc4810c3f2,10
172d1ccea634070b,10
172e5606fa962e29,10
175d39d1d5869f1e,10
176010635e0054d0,10
176b5f3f686469e3,10
176f447e7fd7e87c,10
1788b0311aba0735,10
178ed9f0a1f22bda,10
1795513b07ef52b8,10
1795741cdfd0df18,10
17b594947544f8a3,10
17b9d4140efa2cd7,10
17c40c7fba00bca6,10
17cfa791c3a95b72,10
17d9d07b73177aab,10
17fd9c177050cf02,10
18032d4b9f48ba7d,10
1814e91748425c3a,10
1835a93048ed0854,10
186a12c6844df331,10
186c18ebbd6593b8,10
18717893b9762729,10
1875254c1d479c5d,10
1886fc9a9bff954d,10
1888f9356acf6662,10
18ac9b3fa1de21ac,10
18bce4dcdcaca5c4,10
18c60f81ab39f561,10
18c880ab53d1e98c,10
18ca56f0bf17de61,10
18ce7c1e8cc6430f,10
18dab8e7368a1744,10
18db2705c3ad62b7,10
18e05fb00844f9c8,15
18fd2f07b09da3e8,10
192f9eb96eaf29c9,10
1932450739953244,10
1937d0f1a1e3614b,10
194282f35f5e3939,10
194c672d7969984f,10
196a1d7f78289262,10
19775eef302c62ad,10
197797c65ee846a4,10
197a48701bc16d6d,10
198df12c6b9433a9,10
19b7d569ee5e6436,10
19c3f6d6e8e16250,10
19ce3025e6603adc,10
19d375a4ce0abe32,10
19f7c5a9fc35bb59,10
1a03433e129f3e19,10
1a0b4fb7d835dfe3,10
1a31ff26dbd27368,10
1a3a86ea87eb1272,10
1a67c4d482db5d2a,10
1a6d16420252ae7e,10
1a7015554d68c0de,10
1a753d20d943ee53,10
1a90fd277fa74e7f,10
1a9610d23d989190,10
1aa5ad5038856c1a,10
1aa98b5ff0c99bfe,10
1ae15002686d7962,10
1b277bf50ddc2035,10
1b3ea3710789e7e4,10
1b43c387a26bb388,10
1b5729189afe840c,10
1b5ed9fec1f6699e,10
1b708d8171ce2ab5,10
1b83ddda84a4f3c2,10
1b99701d3196cf32,10
1bb093fc999b14b6,10
1bb209c0c947e891,10
1bd593bc4db5076b,10
1bd67402764435d4,10
1bd72440ed6e6f19,10
1be09efa08726279,10
1be9ab7147d4002b,10
1beb93d9709f1654,10
1bed0ef3797cea08,10
1c156538b1b99af0,10
1c2d2f34c24e6645,10
1c39769a2ddbf517,10
1c42dfc4e19a190a,10
1c5a867d2e78a049,10
1c66347ab7955a87,10
1c7b31d2adb18ca1,10
1ca05af35976160b,10
1cb9ac4d8383ff04,10
1cc429a4228de754,10
1cc735c3a764104f,10
1cda7e873799c164,10
1cdee256c0f2f093,10
1cedd66bec2602a6,10
1cf0d415bf68cf59,10
1cf2f45534d5e685,10
1cf8b1c3b5b2fd35,10
1cfcd719b6124517,10
1d03c9e59b75a34d,10
1d0831a7dbdafd12,10
1d187cb26c2c4600,10
1d324001eb90cccd,10
1d3277e6142d06b4,10
1d3a4aab02a70bdb,10
1d422d2451c17fa9,10
1d6006dbe6866081,10
1d6855191c32f787,10
1d68dc49a43192d9,9
1d7b5e26a946ece3,10
1d95eb6a1e89f4a9,10
1db0d552e9b67b33,10
1dca200953620978,10
1dd7051367cdb042,10
1ddf3e3e2e621314,10
1e1aa3a8f956053c,10
1e20ef6df11a234d,10
1e3f611de200a69b,10
1e411064513938d8,10
1e72b792b2e6b806,10
1e7d8aab13ec3357,10
1e8f6932f1c0b74a,10
1e99c74be46f5d70,10
1eae0e2432afb2ba,10
1ecd644f4fcc9422,10
1ee5c13ec1d30091,10
1ef2a07af2902889,10
1ef606bfebd9cc63,10
1f00ba96abb13d47,10
1f347e0856bf3c32,10
1f4d99466f77f21b,10
1f56898b9623881c,10
1f605182d4770594,10
1f6a358f5ae79a3d,10
1facc2ad3739c9a4,10
1fd163c502b9b6fb,10
1ffd232009cc61a5,10
200aa2cdbe3d5833,10
202c3e4779d36a20,10
203648be90b15c3f,10
203769091da966d6,10
204626fb0e753477,10
20513c9bdceefe2b,10
205d8eb5a6029a26,10
2073ec36d1ffa6b9,10
208c1a993366f473,10
20a6fa5a22d3d952,10
20a9eda0fdeadc3a,10
20cca20bdf0d081e,10
20d1ad537c5abad2,10
20d34d339a4c348c,10
20d5e0d484a49db3,10
20e87ebba3dec0f2,9
20e893ad3e8916a9,10
20f6d9bafaee791c,10
20f746e24dad2d21,10
211f625b8db189e3,10
21554efe33ac41c0,10
216ef6004e09f9ef,10
218d238cb0508c6d,10
21b24985e2926526,10
21b6483ca5e180d2,10
21bd3a2eef5fcd99,10
21d8a07a50d578cf,10
21f8bf64bd5c168d,10
220c185a294f712c,10
221109e0a83e7a63,10
22212ee809fccde6,10
223968a3f121d521,10
224581cffed91677,10
2274b861159439a9,10
22808a6bba53f55c,10
229b7f6920b359b2,10
22ae99f7de3f3941,10
22f58fb3e0cce5d0,10
2311858eb33d6d12,10
231fca5a61529b26,9
234eee5fcbae026c,10
235b14eee1175d99,10
235cd65f9b08c9c8,10
235d422afb917152,10
23bade11cbfc3da3,10
23bd577a7c02296f,10
23c53fb7fed21f53,10
23cebce9f5d79231,10
23ddb38ed6deeebf,10
23ee9058c5c4946d,10
23fd7087b955687d,10
2413a0371043f41f,10
242b8e18bc49338f,10
242ba98622e281b0,10
243307974d2620c6,9
244c04ca9929d31c,10
246042c7a24de5da,10
246ff1a458d527d6,10
2477dfda4e05d16b,10
249bf51c18586ecc,10
249d2b6a6c883500,10
24a36e4dce4e105b,10
24a670aa04fdaa8e,10
24b7706d724d7ef7,10
24d858d4d96f45e8,10
24e24b6036029ed5,10
24e5f37f51f7eac1,10
24e6d52a930ceecd,10
24fe55f8c02cb3ac,10
2514b006d73943d6,10
2519d2dfae6e2e6a,10
251c8439d15b0542,10
25218cdd9384f280,10
25285b0fd6453379,10
252e240b129bc2e4,10
2540d4022c0b3984,10
254347ab5d11be6f,10
2545f72c16e91beb,10
257beaa87440ff61,10
257e4788e283d842,10
259ce0c7fdcc09b9,10
25af3b79c61f6270,10
25c586cd2e06f5ca,10
25d8363fb4b9a8aa,10
25db80fe8f831a57,10
25eb48fa02644ee2,10
26039828d311bdf4,10
2605b5ffdb3710f3,10
26311024fcfab37d,10
26331b94f5652038,10
264e3f4f0bbeb3c5,10
266b87c7b1745a35,10
267d2afad8232f69,10
269274c323d4a07e,10
26acecfbe8cd67ad,10
26b04bf2495fc971,10
26b5a820be1b2343,10
26e839af6aae5158,10
26f3e0b2e4dfc4e6,10
26fc347151e2ad7d,10
26ffc410e405cf6c,10
27174ae09a391837,10
2726ed32007dc2a1,10
274661e2fc7b5685,10
2754bd3997872a68,10
27579a4f2fcbde7c,10
275bcc096174243c,10
275bf3d31381a0ff,10
275ed6142ee32d7c,10
2766da7c2d3ba680,10
27678b9e6bd56806,10
276ccda6e5ae241f,10
2780cbe1e60e34e7,10
27a4d1ef0a493709,10
27ae83a30858d68d,10
27b3231236f77b83,10
27b78c313c1137d7,10
27cc4ca66a34bb17,10
27dfbe74ceb7385b,10
27fcf16012c23d34,10
2801872aebc0cc47,10
2876937b9f26143f,10
2876fcd3ab3b05c7,10
287e3e94aa07d68d,10
28809b867814227b,10
288dbaca80bbf1ee,10
289d9254654334df,10
28aa815fb5caf7ab,10
28bb334af8cea20e,10
28be491eb4dc7307,10
28c295151d239938,10
28cb1799f49512e0,10
28ecf9791d50be19,10
291d633e5384ba58,10
293158505dc5e57d,10
29446b7fddbc2396,10
2961d1bade54b509,10
296eae0c77eccf1e,10
2988e030de889179,10
29893b5501e06e77,10
29a1258ff3d0e715,10
29a21b4ede8f087c,10
29ab7627add71cf9,10
29e3920af2715f43,10
29e7488c947deaee,10
2a182e5f1242ba38,10
2a1d6285ce9dd71f,10
2a5413f2b09a775d,10
2a7ecaf7380e9d89,10
2a852b09c150a94e,10
2aa18b60b96b5f29,10
2aba4bada0e416b9,10
2acbafe4acf5cfa9,10
2ad3795ba1e4220c,10
2af0ab1ef357325e,10
2af44125826fb636,10
2b12370255fee1d7,10
2b1d88ff96ebad71,10
2b26c17230962faa,10
2b301bbba3166c91,10
2b3115d7084d0981,10
2b400dbc760ae2e0,10
2b51626af0ab61f9,10
2b773ed92988dc3a,10
2b78b6785c4b9f90,10
2ba48f2b993b9f92,10
2ba736f5ffe8a59c,10
2ba77a5baaef2c3b,10
2bd21ca63a29c3e3,10
2bf494fe243d7a61,10
2bf6f0a9b1e84151,10
2c0c5c6c6425bb98,10
2c496934d110a2b6,10
2c4e38cc70562aac,10
2c537f1764b4fe87,10
2c5a2d6a04b1cf80,10
2c5c6c993cda822e,10
2c85a680c0e21686,10
2cbe38094f0d00e3,10
2cbf09c183061635,10
2cc2da31d9018367,10
2ccae0ec71f3ef1b,10
2ce0784e6a6de7f4,10
2ce64593ac057e6e,10
2d12668f7e43d99f,10
2d1412573ba8a216,10
2d2749cc5996abe6,10
2d342681a2af3b5a,10
2d3f363507417cc9,10
2d500e6b69b9add0,10
2d5ae04af4b2b033,10
2d6a1d82ef0f712f,10
2d78f061fc3d9f22,10
2d929a8b39e9b8bb,10
2d94494d161459f9,10
2dc1214f4a2f2729,10
2dcfbfe2bce52078,10
2dd756d79c1cc541,10
2dd88b7623d5716d,10
2ddd73305bfecb2f,10
2ddfed6fb82a6007,10
2dff218ac44a46a3,10
2e037d17d6c71bd3,10
2e09be4467b027c7,10
2e1386a9d21b8ff0,10
2e2b86a34f7f850e,10
2e458128cf3104dc,10
2e46f018bfcc3df6,10
2e47b81bca7a755f,10
2e48d86036bef7ee,10
2e4aa23a33c9f340,10
2e662ba095e8d59d,10
2e71404014847480,10
2e76ae3d0d71ac8c,10
2e92f43db122bcb0,10
2e9a30d1b2136cfb,10
2e9c0b3942d847b6,10
2ea7c2ed43e73130,10
2eebbad9aa9036fe,10
2f1aef02962af235,10
2f42705092eb05b9,10
2f4d3ed1bdaf963f,10
2f4df38ef0ebb08a,10
2f66ae29a292b55f,10
2f6bb9711230f833,10
2f6e734d37febc88,10
2f74912b1c481b09,10
2f8b11a9c2417a17,10
2f90aa140c734e23,10
2fcc41b4a787dd5c,10
2fce932098795fa5,10
2ff30f937b0fc345,10
2ff7232393acea9f,10
300b36f61a1fec39,10
3017c4e83df41ec1,10
30431d918df788c6,14
305c7ebc98b6f594,10
30633196fec71c5d,10
3063a123ec172c45,10
306840175bbff061,10
3081f75ffacd0ca4,10
3091f93795130394,10
30a84ce3b196e5a9,10
30d95a1cf4bd3330,10
30dcd0465e8a2781,10
30f903bff8e6336a,10
31030c79dfcbecd4,10
31209c812cb91344,8
31325fe0fea715be,10
3134eec60241b632,10
3139ba7d6a6011c9,10
3147e6bd5bf852de,10
314acdbf3a4d9079,10
314d26a7b9fb3223,10
314dd110923b6170,10
3163ce47dac36f9e,10
31833bf08df24a7b,10
319affeb9db3bc00,10
31a04918207ac85d,10
31b2113c09acb5a7,10
31c3dfee36bd390e,10
31c856043e537199,10
31eac7f42b5f4f15,10
31f88c9b8ffcf548,10
320ae7c7385f4a34,10
3230b61dcbce1f71,10
32360bc2c6a0269d,10
324675625298d854,10
32557c6731fbdcb4,10
326ea8f73ffe8011,10
32812b7ef18a0e9e,10
32a5c0e0f0fd2b69,10
330e8ad5e69ab1b4,10
33139ace690bae76,10
3333277db5e39870,10
3338f9e98cbddf11,10
3350d043ac747003,10
3356db953888c2ea,10
33635d04462c738e,10
33754e5060541a7e,10
337e6847642c0758,10
338f79bf740f4013,10
339dc7152b7d9c5b,10
33a3de4ee7b82507,10
33ad9f88301528e6,10
33bf9fbb8b079c41,10
33c18a702d5155ad,10
33c82b66e0aeb520,10
33dca2d1a2f556ca,10
33f2013d43d6ffd9,10
33f41fe0693473a1,10
340ef6dbf6417de9,10
341161cfce7bff85,10
341959448a14a7d2,10
3419debeadb1790c,10
3420cf4d13a780eb,10
3467cc1b2599a75d,10
3467de2c84b0e6cd,10
3468d308b6f7a920,10
346e124183ef4d71,10
34833c0566312d56,10
3486e6b7290581ca,10
349e869bf5ea074f,10
34a0bbd8abf9eea9,10
34aba62c58e95776,10
34ac181a5590ff92,10
34c2d371eb319b57,10
34c4ed6abfbc616b,10
35092519086c4290,10
350f4aa1cac28b69,10
352128330932868a,10
353cb4a9ca38ffc9,10
3547bdb2f1478f9d,10
355f2a3e54aa7a8a,10
3567a8743744fbc3,10
3585eaf0cd2c859b,10
359335b45205e386,10
359ba6dda907db8b,10
35a815a4711236fd,10
35b317554cff17f8,10
35bd0a66d14e3880,10
35db5afe3260ad57,9
35e9aabc34c30d56,10
35fb9998884c8ce1,10
35fca232c243a937,10
36054590d9363216,10
3606757e706ae565,10
362865f569399c30,10
364b9d09b524ba4d,10
3656e67a823022e0,10
365a70d0d6b196d2,10
36601b8642bb18ca,10
36703a1e2b681c06,10
3671e51467f90ea6,10
368c582d95c42505,10
36de5ece6b9fa56b,10
370296db5a03c6f5,10
371d86712132b494,10
372086d9e951b6cf,10
3727ce1de86ecc9f,10
373d561a43da9c6c,10
373e537c071d8483,10
3744cbd655427f37,10
37485bf88a6754f8,10
376774533e3fe4bd,10
376a55b948f7c25a,10
3781e123166abc39,10
3794746437cee4b4,10
37b0e2fdb01fa0b9,10
37b4744837255238,10
37f1b13c86d9b810,10
37fe8c982a3c6988,10
382062e049d34103,10
382e76e8e1f8488a,10
383b4d85831c4d03,10
384bafb5b46925d3,10
38552f9b4d3a6265,10
385d2e1c2937e241,10
386be7ef80fd4077,10
386d6f45fd736b23,10
38707dc1e04b6954,10
38882cb980decf38,10
3892cf91737f08a6,10
389712fb0bc1abd3,10
38a3099fdf0bdf3b,10
38c86e983eebab73,10
38c9933b73dc178e,10
38d0c21c36bbe3b7,10
38e160fb24b4e585,10
38e725737ff77bc2,10
38f16283d945623d,10
38f505eda2b94541,10
38ff5820bed5eb6b,10
390ff59be55613a0,10
3912ccce6ee10f66,10
3921297eec448784,10
3921c12f9753048e,10
3938727a1a0b4e8c,10
39492a263961999d,10
394ae82c6f5f4b1c,10
394ba5e889b3e4b5,10
396617cc71cbceda,10
396641c020157b53,10
39af6fd7e5a6371a,10
39b59022b7b3c006,10
39b61c79461f5346,10
39b9ce5203d86ca3,10
39bd570af20ae1f6,10
39c37f95d85ba771,10
39d2712050cd954a,10
39ffb9d64588138a,10
3a0687fef919f99b,10
3a3620bb5df40b00,10
3a4db184e1016c2b,10
3a56036511fa06e3,10
3a5b1f9692d10577,10
3a5b38117ca9fa2c,10
3a95b4b1a2254234,10
3ab013d6310244c5,10
3aea0bef93cb44b2,10
3b2320d4bcbae5d3,10
3b26d873cb274d09,10
3b3ea809f80803e4,10
3b7fbf6fc6da0705,10
3b859a153cd22ecd,10
3ba5c4efc4fa446a,10
3babed5e7b890d8a,10
3bac45bbc85aa71f,10
3bb3981dc83b4009,10
3bb81b57ba5c5351,10
3bbc2ed27b16d25b,10
3bd4d1e1f8fbdccf,10
3bfd8589eb36b8f4,10
3bfe3bf26c09190e,10
3c0bbf9519a44fb1,10
3c156ad900e42b35,10
3c1a4378edc21fcb,10
3c2fe29086e1e57a,10
3c7467d3c0084710,10
3c8097a288cb52f9,10
3c88db0d8da6effd,10
3cbf3856b7ccd72e,10
3cddce5c4c8a0575,10
3cfd3597b4d83a8d,10
3cffc8e4b3e8ed5b,10
3d04fd2686d282c6,10
3d1becf9be5ab966,10
3d1d826f1ee4f8e6,10
3d1d8da9c13ef00c,10
3d32c2f84fcce5e7,10
3d456cd8ce103b25,10
3d58feba2dddac1a,10
3d6baa0cc755c64b,10
3d6d8872c0c2d1c4,9
3d7a10dba7f8abdf,10
3da2489279e6baeb,10
3da4fe9c7cb9341b,10
3dcd13fb68e5b118,10
3de95c3b77646eac,10
3e243c509b701e4f,10
3e2cc872b1ad9c5b,10
3e7c4c7525329b90,9
3e7d186f2aedc6d7,10
3e99aecf1561c172,10
3ea6375c2ba1b22a,10
3eaaa5aaacfb958d,10
3eacbd40972b7e50,10
3ebb3eeed8f9e162,10
3ec2262cf589f588,10
3ed5ca8c2fcd81cd,10
3ed82ac2e11d1e02,10
3ed8302060a8b03c,10
3eeadd8c0a87410a,10
3ef0fd7649844cc8,10
3f38a995b65aeb96,10
3f3ab4058946f911,10
3f41fe4646c85997,10
3f52a287ef18a0c4,10
3f5f5b3d74a86ae0,10
3f7e67f6b14eefd6,10
3f859a62b28ac927,10
3f896228aa4b13ac,10
3f8d7718f90284f2,10
3f8f4c1c29c5700d,10
3fb701ab32edcce4,10
3fbd7921ee771c17,10
3fcbbfab6fd3ff41,10
4013612028339a5c,10
401dc1f58773d3b3,10
402a2fc1c47ebb41,10
403c2eff31ca5b70,10
4077a74e5fe22cad,10
409dd92037e76e31,10
40a9d56b72f69f77,10
40af06c41c23eb28,10
40beeec32583bda4,10
40ce788f7a042470,10
40d44df44e1eaabe,10
40f74c32a47e2e91,10
41004557de1f96c4,10
4111476c5637d977,10
411318a8d5708ee6,10
411b1316919bfa70,10
411b62f3020541f5,10
4130885a3ce9a200,10
415708803e2fc306,10
415d2b69839b7f5d,10
41817d27a3139144,10
41922214389a3675,10
41bdb8ac2da38910,10
420ed13b0d956d34,10
424c044fc9ee9e41,9
425b9e30fe0b7ec3,10
426ecef1acf97c50,10
4293e9fffc2f5f2c,10
42a3032b88079b2c,10
42b317032824a74c,10
42c64c17019eec78,10
42d698935ebcf779,10
42f295ad54e639ed,10
42f43d9bf4bb460f,10
42fca4f01bf1830e,10
4306a295e604a4ff,10
431114bacf478ca5,10
4313e52d9d1dd879,10
4339baa984ae7b3a,10
4346ccdf03eb2095,10
4354b421ad16c99e,10
435ea8d270e3a490,10
436c432625089e4d,10
4380ca3f08676be8,10
438ee81a61704189,10
439fc2905031e697,10
43a1ccb5ef23b8dd,10
43a46f49938bacca,9
43a6c10778bd8b1a,10
43f962128c3be501,10
43fd75117962dca4,10
441b2b50ce3b8385,10
441bed9a93263966,10
44376e365de13005,10
443f41a5fbc38523,10
443f673d5d1463bb,10
447d598f0e0d58e3,10
4486397da24ee35a,10
448b0c24bb0706c7,10
44b642373dd62d54,10
44b72b93f46562f2,10
44c996900d35483c,10
44d0e53ce9d31537,10
44d26815f57f58d9,10
44d8d294c7f7252f,10
44e251e6f48d228c,10
44fa6e5b5b9c393b,10
4508a7660c42b6d8,10
451909548956cc82,10
452ddbd77317f49d,10
452e92d220b4263c,10
4539714bbb1d9508,10
4565c8f3841f31aa,10
4584ef0d5c0d1a28,10
458bd95d8371f217,10
4594f15b14dba734,10
45a8f90dfd3f3536,10
45b5a84c479861b9,10
45c6f42451c5fece,10
45d7b5a64698ad33,10
45d87330db5945a0,10
45dd9b5a019fc509,10
45e5cb5057bb8aa9,10
45ee4dbe362140e0,10
460d730830cff84e,10
463433b4ec9dd9f3,10
464142d4bac6e0e8,10
46515b3542466c83,10
46585b930931c622,10
466482f4086bfda4,10
46677cd3e6de2733,10
4668ec446c56b423,10
466b3bf394a71052,10
467869ca2a365be6,10
4679b37d75902f4e,10
4698bb107f31c12e,10
46b016726ce34130,10
46b11c090b669a4e,10
46fd67ed4c6dfb68,10
470a44764840ec69,10
470d88b0070663c2,10
47111ff42c582d26,10
471e3f3445e86ad4,10
4725b07311676885,10
473fc1deff74591b,10
4753b8797532547f,10
4787f0eb79b72092,10
479ccecf1cfa44e3,10
47a96a2ba166c020,10
47ba9d772d90daa9,10
47c305b3a4b7e16b,10
47c9899fad0db995,10
47d697fada9928e8,10
47e0556f123b2106,10
4808fec1497a7bdf,10
48126ab58c881dc0,10
4816f42551076e41,10
481e057c17968a20,10
48243735f6eef6b2,10
4840300c023904dd,10
48667a0a387a9512,10
4867415a082cabe6,10
489001b07807b3c8,10
4892e4d7867afda3,10
4894407b2447420c,10
48a5ed5c687881bb,10
48ba4ca7c21786d9,10
48d19a3c07ef0b2a,10
48d5cd30230df3c7,10
48e451ead2485529,10
48e774e534e57fd6,10
48ff3dab5d52fea0,10
490b7bda812ffff5,10
4923280308c1e9b4,10
494cbdfd727310dc,10
49654e468223c6ec,10
497053491075f2ac,10
49778226bbde3374,10
49928251882c5a0a,10
4999770b129031e7,10
49c11c5a5ab78518,10
49c4ff4c792cdf51,10
49d0233788dd7ad3,10
49d545dd46626273,10
49d73da06dc51105,10
49d86a5920f465ee,10
49f70d38e46d5391,10
4a13b45119b577c0,10
4a167a3a2badda6a,10
4a22c23cec501d07,10
4a29881a6ad24954,10
4a2e16292f03bb68,10
4a4c51497cd20b05,10
4a55f0fa25c4fa7a,10
4a6d900580351398,10
4a8dc4fcce489b55,10
4a8f29871aa91c19,10
4a9c3fc9369309e9,10
4aa1b8936c3ad6ca,10
4ab07ee926aecd27,10
4ab32e20de4e530f,10
4abf817f405e6197,10
4acdea717ea1ec3c,10
4b0041ec6b0729f6,10
4b0c2f81e133b2c7,10
4b134e5901c86d2d,10
4b281a331503e363,10
4b2cd21568456013,10
4b4d1f07e75659a9,10
4b5a48e5e6fbd890,10
4b781f9709ba1366,10
4b8783ac4c358c01,10
4ba064d507e7d485,10
4be50c234a9d8118,10
4c06ad26ec103f6d,10
4c0eef4bc6a24f18,10
4c1378237bf547ed,10
4c1ef0a237b083e7,10
4c3cd1ad8ca14b58,10
4c3d3249393184c0,10
4c3dff841237f2c1,10
4c40b4f440e0d5b8,10
4c4e565dc2179754,10
4c50e0fcc7fbf489,10
4c59738ac3e7e556,10
4c75eed3e321fae9,10
4ca1cdef9ca16714,10
4cb7e337716db287,10
4cc2d0f2b3ddd4b5,10
4cdfcc0ba4e0f71a,10
4ce6f1a80f2c0213,10
4cf104d5b0021da6,10
4d04bd98725b5dba,10
4d05b2a001837f02,10
4d0d95ff29db44d9,10
4d18a11c57bae8fe,10
4d3b6922fde962c8,9
4d4433eea655dc63,10
4d4871d0e68e336e,10
4d4afe5f3f79f859,10
4d75ae1e59b460b9,10
4d7a4ca2ee3948d2,10
4d7a672bc5fd051a,10
4d98891f250d3738,10
4d9c6f577342e994,10
4dc278c3b42921f4,10
4dc4b734e1b86b39,10
4dc849c706ec1631,15
4dcf6597f797a001,10
4dd217e5dfa4232e,10
4de648e433d6f625,10
4df1d6e872afa2ba,10
4dfdea48aac239cf,10
4e2626617b89253c,10
4e2dfb93a17542c8,10
4e664ad08922d8f0,10
4e7dc684791509d9,10
4e7fb682330ece9c,10
4eaf6c78dfa6f893,10
4eba084343b4c053,10
4ed6a16907542eac,10
4ed8e2415375e46a,10
4edad77b1fa95b47,10
4ee28c7066b9abec,10
4ee3b5d0ee2ba742,10
4ee943c3b28c3680,10
4ef8fe69db5b6c27,10
4f4c24438f4ae209,10
4f55e3fd66e4513f,10
4f57c9a0b87fd418,10
4f771f91724f5114,10
4f8fd53c40119c58,10
4fc001a2dece10bf,10
4fcb1cfe00c57094,10
4fe9eeeb9c6847af,10
4feeca4fcad6d9aa,10
4ff0523ee48eb766,10
4ff786778f478000,10
4ffbd2ca32949315,10
50040f4777aad88f,10
5035d99beac72a52,10
5038e7cca2923a98,10
5054af0406ea6630,10
505b18fd44fed131,10
50659f8debca509d,10
5070194f55068f97,10
5084abb61e80c4dd,10
50a5db33e2b71df8,10
50ad455b65d0dc4a,10
50b879fc644f4589,10
50f436f687232042,10
50f92d1517d5a074,10
50f9d2ed618ae11b,10
51037d0a1268a5ee,10
5141668c9ff2ee4a,10
5195ee8326466f7a,10
519959de8599138d,10
51b2e53529696c0b,10
51d294d39b3cd94a,10
51dfa6a539c42ee4,10
51e2c51b72159420,10
51ed788a1cd0b47c,10
51ef60edcad08a1f,10
51f4a17a43c1435d,10
5204b1653ece9144,10
5210793878197802,10
521dac7f3b77d6d1,10
52364c379e70a863,10
524f488075882d0e,10
5257e2ca7be65f2a,10
525b0cebe7826c61,10
52636a876aa790a3,10
526656c79ac5b9d1,10
526acf576153f2fa,10
52804c309296e5ff,10
5286a9ba2afef55b,10
529a01b62c74bf87,10
52a09280d8303563,10
52a23fbb10e59e1b,10
52b8b95afd51a87c,10
52e4999a7dcc9bd9,10
52e4c612272d3bc7,10
52f0ded7dfe17432,10
530570051d84c333,10
53076015edd57d51,10
53113e70afcc3b72,10
53308a5fec212eca,10
5333becc0ad10742,10
53602e34db353fd1,10
5387dedbf7633081,10
53918301f0b91c8f,10
5396123ec5726093,10
53a19690fcd02a07,10
53a746631e808796,10
53d2b95559ac34fa,10
53ecfec6740cae22,10
53f07b53fdbd3431,10
5418197f3f62d838,10
5443019078ba6723,10
5473d1cd76cb75ef,10
5494e7ce13fded45,10
54ac74a678bad2b8,10
54ba421cc486f845,10
54baeee071cf91dd,10
54c809b70eaaf824,10
54cc4a7e3da206c4,10
54e18ab0e0c8640a,10
550729ae345ee2f5,10
55109b5a7a91ae87,10
5523e455623bbce2,10
552fb56f2a749fb8,10
553f2a9a620531bf,10
554a3fa2916341ee,10
556acfbabfb8c93f,10
55706adc5b49d771,10
55858452973d8c9d,10
5586f154608d0575,10
559128f3637783a4,10
559b2ca95c6b372c,10
559b5d2980c3515d,10
55ab3532448fa106,10
55acf0acb737ca95,10
55d5ef4de1007df7,10
55d98f5310ec170a,10
55f8c4499215a90e,10
5604703d17a7f2a4,10
5605652209410353,10
5611a9eaf7dc6b76,10
563362e1228d8a6f,10
5637645847e51976,10
564b0e6e8cbae281,10
5662acbc1970c323,10
566dbe4614f5fd52,10
5670657940d1020f,10
567119831081c69b,10
56811bcee82293ed,10
5683a19439e8d4eb,10
5694129a98b746ac,10
569b31d3477007e1,10
56a6788497d2b3fb,10
56a9ba6d665b105c,10
56b0ee7f007c69c8,10
56c32d994ffe1aa5,10
56ca31d7980bc3a7,10
56d7d538a6049b31,10
56e875fa76c5769e,10
56e8ba5ea9485eee,10
56f4a12ca274f260,10
56f88d133139fb20,10
5717e29d299e0dd3,10
572f9e09ff126c37,10
573e2aabe8b83d9f,10
575c9b80c92a7e6a,10
575d2844ba005ae0,10
57715cecf3d8192e,10
577df3f03e4e8f12,10
57ca8ef0b19b5c14,10
57cfdec372b79f35,10
57da419966042df4,10
57efe228dcc3934d,10
5819892d754cf22c,9
5848aa9125d29726,10
5859e05051fdabbe,10
585d6ad9688dc999,10
585ed3e2934eb811,10
586282878818beb9,10
5875b308a4765b75,10
58b4255d399377e9,10
58b826f6b546ad66,10
58c572e9c1723e02,10
58cf7b1c9baedf84,10
58d0173852db5b43,10
58f8b7117f1a7717,10
5905d606461c5597,10
590d1f8790c7bee0,10
592618f52cfe341b,10
59329523fdd4d423,10
593fe48950245189,10
595315f019630017,10
598567870fd433ed,10
598a53a7d542080f,10
599d57de8b8a0bb2,10
59a0e046b697ed54,10
59b8cc361cf4072d,10
59c183fed26c2950,10
59c7fa0cbcb447a6,10
59d95d7a91fbd857,10
59ebdb320f12a09d,10
59efe6b31bd9ae9b,10
59f0969584348912,10
5a2a763c6728c7d8,10
5a5422ca367262e9,10
5a6b6206e4d20a27,10
5a8c80e26d56aec8,10
5a9cf21a812fa838,10
5aa4d8166f170395,10
5aae4204f3d66e28,10
5abcad84ad6637cc,10
5acf864f615a4550,10
5adac764980005c4,10
5ade715a7dccba6e,10
5af502d2ee1c797e,10
5af83abed54dfec6,10
5b0203580d1b8490,10
5b02452b53c7b6bc,10
5b108ff18eaa91c4,10
5b1bcbd84bce75c2,10
5b264a18eca52c62,10
5b2bcc1428571ab4,10
5b4f2e8bd1cf7166,10
5b5ba6c4b85f198f,10
5b656ac1bc2a0f9d,10
5b73d2dac2a434ca,10
5b84eed34b794ad6,10
5b8afe9680af92dd,10
5ba9830d5202e40b,10
5bab9895cc6d5e6b,10
5be816e673a3ba5a,10
5bf2e9605dd9b823,10
5c2601d781d8429c,10
5c5183eed3a2f4cf,10
5c6e79dd1fe4e33a,10
5c6ebb4578e2afd7,10
5c748e4000581c9a,10
5c9258fe3e26185c,10
5c92b848e396941d,10
5cad2c635bef05b6,10
5cc30c9ffde059b6,10
5cc903ba8b964900,10
5cd9d33794f934bb,10
5cf0893182b9e113,10
5d1162b65434147d,10
5d1d69f1feba5107,10
5d316d93f28e5e72,10
5d399e0f6e5e3467,10
5d4a270c9ec54f2c,10
5d50e0204f510315,10
5d63985e5cee61fc,10
5d925d8c637091f8,10
5db983640f15c689,10
5debbe8da795a7cf,10
5df753ec2dd23ba4,10
5e0a15fd6d718bd4,10
5e10fcad4a20593a,10
5e1fac63bb67234f,10
5e29732e26aa6448,10
5e37778102abc70d,10
5e455c7a4e15e02a,10
5e5948949488ec3b,10
5ea2f7a83ead185e,10
5ea5d935cdc94310,10
5eb1c55f870b8c2c,10
5eb83c16fd2684fa,10
5ebca57778edee3e,10
5ebe8599510754b7,10
5ec4a8e3395bf1e5,10
5ecbe9df45917a58,10
5edb42081c5fda7f,10
5ee6bea8a5593eee,10
5eed0fbf8b8e41ac,10
5efdc5b65a70bc95,10
5f22db4fcc6a8bc8,10
5f2352346559905a,10
5f27950f7d7d451a,10
5f35fd1f72b35284,10
5f43cd7d42ec3076,10
5f4573f8da55abb9,10
5f4a0ac97d24fd55,10
5f4b03993fbdf6a4,10
5f815b5bea274396,10
5fa37216b51040bd,10
5fa62c3e0d163074,10
5fbe4e112f7c750e,10
5fc0b0ad55a1c891,10
5fc1a3a62a465985,10
5fd1dbb71ed75340,10
5fdb27e098f538df,10
5fe1f4232eaafe16,10
5fe344d8807217dd,10
5fed8c345e76763e,10
6000b59281dff531,10
601c2b974dda600c,10
602848d623ad678f,10
602dac7ab25157d9,10
6036df44ea55c70f,10
60441fc0b24c33af,10
604c887aaa15b83d,10
605d6fcbe289f58e,10
605d9183c757dc45,10
60604b5c7a193f8b,10
60605a71a2f8b148,10
60d9bfc33da36a29,10
60f46f4c12b44a18,10
611cedec81b45af3,10
613b0e036c65b076,10
61466168685988df,10
6157a1a63daa3fa6,10
615a63f682238962,10
6161b0288893ebd9,10
618a6694b8d172d1,10
61e450af8152b2f5,10
61e9b4e25778be1e,10
61f6c2170b8b77aa,10
61f742f2d5f67b20,10
6202b268354fd611,10
621f70702177879c,10
622068c90904b1f9,10
622246efcbd8c056,10
62285d98f8bc13cf,10
622b35311e395719,10
622cc06cec350082,10
623c33f26bf4f475,10
623d341859c66596,10
626db4b68d09f16c,10
62b59a4aec671577,9
62bfd20904c0ee22,10
62c0f557cf480f79,10
62e360abbd8ddc56,10
62e61362d0277612,10
62ece21b4e491461,10
62fab746a07b620c,10
6309072fab0edef9,10
631b5d136fa2571b,10
632e0e16514a6ee5,10
63306591cbee47b8,10
6333adba196bde87,10
63358dcd098d2b31,10
6335e44efd1231fb,10
6354b7d4f7095f16,10
635a7b6c50acc3eb,10
636f218af1f8aeff,10
63a3e23c8afd46e3,10
63b5e7747c4d9833,10
63d0581528fa9b6b,10
63da12029ea9ec26,10
63e8959658881392,10
641a42d27aad83ca,10
641b0bd12a8fedd1,10
6457519157620ac4,10
646c24c3ad1d8059,10
6471e10b207c067f,10
64a56fb409fae627,10
64aa536a91c93e07,10
64d82d010acca836,10
65339df1e67887fa,10
65544588d17190f4,10
6558c4e2cf40cdcb,10
655ed7199e9e7290,10
6569528fd86f3855,10
657930b5d39299ff,10
6583f960f11e2e6f,10
65e5eba539dcf00e,10
65f256e7d4fc605f,10
65f9f2e47030993e,10
661edd74a6da4d0d,10
6626b0325103a53b,10
6644abf9b9c3c18d,10
664adb12b0c00ce8,10
66621a7d2559ea9a,10
668b212f173582d5,10
6696dc40a167f8df,10
66a419089ef43687,10
66ac3b465e2b5fb3,10
66b786a6aa51a6dc,10
66c35212508d6f27,10
66cca68ec2d0f02a,10
66e7667296790db8,10
670d32c9fcde713b,10
671c4b63545a27e4,10
6722439ce0f83b03,10
672a4fa9b979d6dd,10
672f70b5f2da18d9,10
674dcbbecc53c9b0,10
674f6621f5827a8c,10
6751c4ef7ef58654,10
6752457ef0f5a6e2,10
679d0065c8c90835,10
67a704831cc0e4dc,10
67bf8c3eef4641d0,10
67cc40bcb32a390c,10
67df9f28999870f5,10
67f1feafdf188b05,10
67f2d4b63de88ffa,10
67f8d747da9629c3,10
67fe18633cc8697c,10
67fedbcb4daca680,10
67ff5f77925a0152,10
68184b7b7d7d6c69,10
681a8df68decd698,10
681c4b94c1d44094,10
6820acc9be61aba0,10
6825cbeab7f156a6,10
6853b0f718293bc9,10
6856884073c207a6,10
685d3c4dbe2fc9cd,10
68800bdaec138a61,10
688337766331be43,10
688b3f349c78c62f,10
68915eb70070ca51,10
689b18e9f4d65990,10
68ac6c36c61e7ebb,10
68c11fd059e89a3d,10
68c7f0c738fefb67,10
68c91e4081c59eaa,10
68df9790b5b83982,10
68e64129fe2110ae,10
68fa3ddd2b15551e,10
690ab1a4eedeeb16,10
6911cc548a29327f,10
69153079d3e6df79,10
69158320d8df46c4,10
69182a9fa953a186,10
6931ee04aa3956c5,10
694b154fd29ab4c4,10
694c6e8080dd7719,10
694d58c8429d1cc6,10
6977a40f34746cb2,10
697c8f05f2cd2430,10
69abc5981e737766,10
69af528266947113,10
69b50b8bcea029db,10
69c24df0a1f3a8bb,10
69e06253c32c085a,10
69f58c431d564327,10
69fdce2999e44113,10
69fe7bdd0207d7e7,10
6a3bbe6107c70a23,10
6a4050376d44b95c,10
6a45eae43b2cf29c,10
6a7300ba51645eaa,10
6a76db40b8416e0b,10
6a78210e3ba79fde,10
6a8317d85932ae7b,10
6a90fd63f0505afd,13
6aa9ab6b55af2223,10
6ad2167a4b5d5d0c,10
6adb88df325775ab,10
6ae1a2e6d8393bf9,9
6ae705278dbd9d79,10
6b141e728abeb3de,10
6b1525560c312f5d,10
6b614286a114bfce,10
6b634194f954bd25,10
6b6f5b9abe560e74,10
6b79706c4a7cde71,10
6b7cc9762d8bdb75,10
6b85993391be91b1,10
6b92fa1dd458c25a,10
6bb14902e49e2715,10
6bc3e37f68dc0070,10
6bc6eac33fd4b4c3,10
6bd5c6aea2620d3c,10
6be0e0e371b29984,10
6c0b80e85eee4ab5,10
6c1c791cf12d3b7e,10
6c2c2a7b62df9578,10
6c2e2cbc4e8fdb27,10
6c2fa2e0bda419dd,10
6c3bae1b9142f4f7,10
6c4d638ba1f56d45,10
6c561005b197d8bc,10
6c562097b5fb2452,10
6c5c9cf0ed7fdf51,10
6c6e02cbaa52d729,10
6c9735e8fdd26c1b,10
6ca759012b24b8b1,10
6cab970c6c4a391e,10
6ccf1f32bf3aa39e,10
6d0142eda6d632e6,10
6d07feb7f9eee492,10
6d1b89ef14abf346,10
6d3a8913578c2544,10
6d4d5dd0e2fedbbc,10
6d63f75f2f6049db,10
6d7842e7bd6d4b1f,10
6ddd2c078f906f45,10
6df478721156ec0e,10
6dfc93b829cc1a33,10
6dff47bfc291f8fe,10
6e0045268cfc1b5b,10
6e0108f6842831dc,10
6e17d788114cba1e,10
6e2510838b017426,10
6e28cdb555bb4cab,10
6e4ca21c499888b2,10
6e4e65e7f3c965cb,10
6e7ff25d33e80381,10
6e82bd397f5e91e2,10
6e84230ce5f7b226,10
6ed8d480fd35cb58,10
6eee83a687004b6c,10
6f016a75919e5277,10
6f104a84c4a0ee7a,10
6f22876a49150320,10
6f36815328686158,10
6f439dea4d145c14,10
6f5a3473fd4b5218,10
6f624fa623fc1d73,10
6f782e014aee38af,10
6f7aad8210fa5cd2,10
6f7efb4535791e6a,10
6f852b6c19b6bab4,10
6f87abff3ae64075,10
6f95ca3873af65e3,10
6f9ae66ad5b644d9,10
6fa03189c2167c37,10
6fa3cf072f121455,10
6fac867bf9652fa3,10
6faf2a8f7fca03b6,10
6fb1761d6a9f4346,10
6fbda5ce60ccd8e0,10
6fce0edb2d362172,10
6fcfc37c2d773136,10
6ff996091267c4c9,10
70049cae62a2ebcf,10
700cf54f3133436f,10
701df2c3d67edc44,10
702c02573fc06370,10
7039e555b8821108,10
705138b72cfafb52,10
707bd1a4931fab7a,10
70808517a34881b0,10
7093ba52e002a281,10
709fb5f21c47682b,10
709fc0cd19317b6d,10
70d51e4f47cc4609,10
70d9f041461fb072,10
70f1f8d2de86c8b8,10
70fcd3152fb15a38,10
71019793090213d6,10
7110ec38510025b6,10
711aa97d06a47d99,10
712734148d3eec18,10
7134944ea0a3f809,10
717c71a488f6a062,10
717e17c484633a64,10
719df1ba194f2cf6,10
71a5139ae6814877,10
71af7fbfffea1e7f,10
71dc87d9e4290fc0,10
71ddcb5ffd2b4d38,10
71de308c4227093b,10
71e4bd5174ef1187,10
71efb715720bc3d7,10
7211a46d9e64fa2d,10
7215c47393df6128,10
7221e7af44168386,10
723ffae653f6be66,10
724e01f2fa2effe8,10
725624737e1bf329,10
726c17e89c9f190a,10
7292ec8ce8840419,10
72a4e8440af8dc8c,10
72cfa92816620d8a,10
72d57562ecaee789,10
72ddaf358e82b01f,10
72ef61694aefbc8b,10
72f3958d4ddee19d,10
72f6a6aab69bf89a,10
72f929baf27d17ca,10
7311b01dc8983e7d,10
7337984692f7f4d8,10
73672037cba176d3,10
73702dd5d8c41813,10
73822844fd6e5e1b,10
73b02bd50e329a70,10
73b608c323ba5a45,10
73cc3a04abb7bfcc,10
73e008bb1bffe311,10
73f74101e29dff33,10
7445aabafb590918,10
744f3012f7172379,10
74539c15384418b4,10
745b5c55b918d948,10
7463f501f18273ce,10
746af618921c9458,10
7473a5a174e40fce,10
747cafa5127988ae,10
7483afd2dbea6ff7,10
749b485fa90b3f23,10
74a5717e2f44717e,10
74c3be5d2faed6d2,10
74c9514d6f5b675e,10
74d66d481e076c0f,10
74f334671bd8cbd5,10
7505e3c372fdf91f,10
751e1f62ba5d9e0e,10
752d9747f83dddae,10
753b8b049e1ddbc1,10
75493124e8422dfb,10
754b802da77c59a6,10
754d4504a8a71503,10
755a3ad67c6be303,9
7574a76f14f66301,10
759f5744da9c0f02,10
75ac0727724d6ba7,10
75c71a5a5d178b97,10
75d32e950c7ffb98,10
75d648c8fcb1ce65,10
75e819197c80efa7,10
75f0c5653fa9e214,10
75f95112ae249cf9,10
76064b1c77596cb8,10
76095a54f35a79ca,10
7612b04905b4ec9b,10
7617fb9f4ba37d43,10
762c72407ff38146,10
763613ed628ef784,10
7654a2d0218d4f61,10
76599c4d10a76200,10
765d0811d6c385b2,10
7671174910605bc6,10
768948a373e3a84e,10
769070832a4f97b4,10
76bb72b40bba886d,10
76fac7379a786b15,10
7727e88a0deb9e3e,10
77290dceff720153,10
7740854db4031629,10
7744d270c308774a,10
77531969b20c9ce6,10
7754152520598187,10
77659b1d7223680b,10
776eb5346fc7ffb4,10
777e678b521201b8,10
778895bd05d45d7b,10
779f824d8498ff71,10
77c0c5c8e2a31722,10
77c67fd819bab97c,10
77cffa84014c22b2,10
781152a1a5d649c2,10
7822eafe0e079264,10
782af688a4b3d7a3,10
782c933429d2ba20,10
7836715ba188f80c,10
7837526612e32d4e,10
784954da24a6f6dd,10
78598380f7e3c9c8,10
787cb28a02e99aef,10
78a0a4658cb1e9c9,10
78a169ea03f4f3fb,10
78a6ef0995690dcc,10
78a7c0cc1facfb94,10
78c025a64b13b6fe,10
78f9e488ab9ef113,10
7901a76abc3fe00b,10
790364bbdab3a61d,10
7907f018580db86c,10
7914ec14c906e1ac,10
79184fc02b5544db,10
791f5e6e220fa72f,10
79230fcf1255340c,10
7930fcc604d568a0,10
793c0a244f8b90bb,10
793c94c885531e93,10
79500adc81164235,10
79751f22797a00de,10
798abfc47893fb1c,10
79a1783ca8c29c3c,10
79c67f5eba655bcf,10
79d6c2a8ed04de3b,10
79f4be7d3c1583ab,10
7a064709f0fdc93e,10
7a5200c24e86c2f0,10
7a7bb445d18d9d78,10
7a9a078379f0a120,10
7aa05375d72c2d51,10
7aa4a96045584cfe,10
7aa6def54d9974f6,9
7aadcadb53ee6c97,10
7aba55e7b34b33be,10
7ad337c334dfebc6,10
7b052be642a25928,10
7b0f44eaa4499da3,10
7b11b422397350c0,10
7b1d24dd5d0ecfce,10
7b1ea28315df6190,10
7b317f836b6cdf4d,10
7b32eedaf04e492d,10
7b36962ffedce2bd,10
7b433f93b4f6a55b,10
7b4702f7283860b1,10
7b4da52324bb3633,10
7b4f6400bb5f0053,10
7b68ab3f1d6ebe91,10
7b6a594109f00d49,10
7b8640fd807e3a2c,10
7b9c389aff19a62d,10
7ba28e6d86ccdb3f,10
7bf6c2f2155722da,10
7c094080bcd26314,10
7c24b86682cdf99d,10
7c49caa814dfa403,10
7c796c0e7a0507ce,10
7c7c4558785400c2,10
7c811ff5bf029474,10
7c81c5fc205b832c,10
7c885d350a88ded7,10
7c9be19c18955303,10
7cb9b96e7881987c,10
7ceb7e657b09fc46,10
7cf0f3324e7dcca3,10
7d0444c80b931d6f,10
7d36dc81a95af5ac,10
7d3f0d011754227a,10
7d4f42eb3c1f3864,10
7d963c4407c701e4,10
7d9f7a09aedf5f3a,10
7dcb8d6c1af50ca4,10
7dd33be7d7d4acc3,10
7dd3e1f55cf8c5e0,10
7def847305a13cd1,10
7dffa30dea7b96f4,10
7e20b885fe68cea6,10
7e218ccfbffc97d2,10
7e2d26a5ce0992a8,10
7e327a8ea7556d3d,10
7e34835f57b1faee,10
7e375a2e13e389fb,10
7e49b2d62cda501c,10
7e4f2464ffaf7fc6,10
7e73ec9bad597bbb,10
7e8976b214b65890,10
7ead57a0c0e5a964,10
7ebb8fc288de73ba,10
7f22f5e1c5f67081,10
7f2c732d646434da,10
7f32b00eeb67d88a,10
7f48241f2ecbecc8,10
7f499044e0ca2880,10
7f5b26d7a8e00cbe,10
7f642c9d3ca00da7,10
7f7cb373adaf0822,10
7fc7963e37551b48,10
7fc7f4aac6a34613,10
7fd82a417ede65b9,10
7fec292772911f14,10
802a76f76e3cebad,10
804325c168b00dd9,10
80824af624cd95e8,12
80b3cb5ba753c483,10
80c8548ff93fbfe2,10
80d4e4c9797683d1,9
80d74cc3683eba13,10
80e7bfda914fd0c9,10
80f713f5de185a22,10
80fdddeaa8260cbd,10
8108b2b008790546,10
8108b30126177b06,10
812308e55c9af233,10
8132605205261b67,10
814965adabe8f34d,9
814b7b41f70c9bcb,10
815cee2a631b0a18,10
81607d39cb296bc7,10
817c62353e9ee912,10
817c91d98b4d79fc,10
818de7c72d37e0b4,10
81903db00dad8001,10
81cb571e1e2a5907,10
81d142cb04aa6d1b,10
82225baf029a31c7,10
824031cdeb2ba88e,10
825dcbc72cc57865,10
825dfc2c451a4c56,10
8273f7f7fc1ba317,10
8278cdee8390c19a,10
827af9061965151f,10
8287c92c758ba77b,10
828ef9a4dd73bd08,10
82976220e57fba7a,10
829819eb50b6fb17,10
82a20ce0c439aef3,10
82c0f161ad6c0621,10
82c1a6cbeeda837d,10
82d3cb5ff26ada47,10
82eb3ccbeb492567,10
82f2bbd4c7ec4760,10
83001359dcb9314c,10
830302c9b62d1db7,10
8306f50946773f99,10
831f1421b3eefc77,10
83338b7c076f011c,10
83349490d9ddce2f,10
835ab1d5c5a10f23,10
83aa77e2c9e11af5,10
83e91c801f3f3a48,10
83eb00ce756934c5,10
83f2a2de43f822bb,10
84044d811c82907f,10
840b14d5658fdbf3,10
840eb4f48e3b8389,10
8412d2687f80bde9,10
84147b07246747a8,10
841fe814a531a377,10
84863eaa760a091e,10
848d5caddab1ba14,10
84a182b8ed9a7899,10
84a64f5fe3f76056,10
84ad169d500272cc,10
84b26fbf96d11915,10
84b59df24182d55d,10
84c7a46c760b3948,10
84db7440d6c8cfed,10
84df4d68a8591db7,10
84f18ef635d7257d,10
84f4c76d0c5c0428,10
852a3dfee302d284,10
852b295ad8383dc6,10
8538c5063ae3d769,10
854766550fb2ab8b,10
8562db293a466b6f,10
856ed19d3d6dce2e,10
8570a9bcbacc867e,10
8571c0ecfcc472d1,10
858aa346f5dba85c,10
859555fd05add0d8,10
85ba103d156544ec,10
85be3faaf5289a84,10
85dc8bbba4f9b684,10
85ebad3f88d8055f,10
86299d5fe00d08de,10
8643912ebd1bcaad,10
864bc9f740086f51,10
864ed9082c4671ea,10
8663200f2463917c,10
8663d2a752587ec3,10
867574647f0780aa,10
867ab52b79e14742,10
8680bc47d5ee0243,10
8682d7b951a4bd87,10
8689a11629e63075,10
869499bf06faab53,10
869fa140e20d4128,10
86a0dff3ee0551ec,10
86b3fe64916e9424,10
86d4c628a9babfbb,10
86eae5b70bacd580,10
86edc229be693d1f,10
86efd7027363d54c,10
87315a94a0ddf598,10
8749306da4ce243b,10
874b9bec999cbf2e,10
875fda8602db06c1,10
8790d0c31f7ffc1b,10
8795df352ebcf5dd,10
87973487c28932d6,10
879fe4f697feb466,10
87a209c48be15439,10
87b0273af49b12a7,10
87f839191c5af9e2,10
880399f1b3d0cc8f,10
88109f4bdf8107bd,10
8825f5b84e4ef89a,10
882c684cae565af7,10
8836d419a2da31eb,10
8840ad72712d726c,10
884e756c0d608024,10
885cdc25f64cc546,10
8874c4f2c1ba85ad,10
88848312283e8bd2,10
88bddf3ccc98c390,10
88c43bbfb07a3006,10
88ce77db01c51945,10
88dbdfbecc3545b9,10
890c4e23094a4846,10
8922a18e589bb23f,10
893caa52a32983fb,10
8945e0f760474404,10
894ab1a730fa90a0,10
896d10de09d3783f,10
898e47758375b6fb,10
89a31bd88d2209dc,10
89c96e9459000fb3,10
8a2d5f4348eb0ea5,10
8a3445242a581028,10
8a3c88902a56c78f,10
8a3eca003de35fc3,10
8a40d0c9b6721e9e,10
8a5974d9d6edc091,10
8a8db9d16163ae92,10
8a9a86786518a44a,10
8abe496d4c8b444c,10
8acbe7f157834876,10
8adaef010ebb16af,10
8af1101e51459938,10
8af530519dc75e78,9
8b04966d65348527,10
8b228d99406d8671,10
8b27f9e36b969d79,10
8b322381bff31cfe,10
8b391edbebc14df9,10
8b402df5fa6be6d0,10
8b66b9cb4364d7f8,10
8b9b98f4974c7914,10
8ba3a5d91cc825fa,10
8ba421db3b04a6b3,10
8ba73f007067a00d,10
8bb6be3d48bce4b3,10
8bc3e96053067de0,10
8bc73c6de92f4e7c,10
8bc9337a307a38eb,10
8be2266567dca75e,10
8bfac5da6fc482c1,10
8c3549ed18e89a14,10
8c5017b8c167bc4e,10
8c5a4415a3103e7b,10
8c5b3745edaf4aa6,10
8c66487afc8d6a10,10
8c761e7860cd4f68,10
8c780f032813fd17,10
8c79bc20f0984e4f,10
8c95c71140693931,10
8ca51c7c327c989d,10
8cc2ebe44abdcf27,10
8cc456bc3b4310cf,10
8ce86deb62e80a94,10
8cec9efcab80a21f,10
8d2c61e2d2c3260f,10
8d3e865be4b13758,10
8d418b2c44278ff1,10
8d498f540cd33bc0,10
8d5127a435940c80,10
8d7a85cb462adc40,10
8d7b1c807989d61d,10
8d9d9c19c7d7fd6b,10
8db57f90c274f131,10
8dbc9e59e4f10e2b,10
8dcbc863b65a3e47,10
8dd92735062402b6,10
8dda8184187103ac,10
8dde61519c8a3852,10
8de6f3e698e4d194,10
8df9496cde90a6d7,10
8dfa2b811d39dc09,10
8e155807e0dab56e,10
8e2247225c2ed853,10
8e32367839f859f1,10
8e41a32cdb694fb8,10
8e4fa01185891ba7,10
8e8a9b58df366e2d,10
8e8c3c70e11bc39f,10
8e8c7ba375751744,10
8ea2fd4a7c3a4cb7,10
8eb31bec4b91b566,10
8ebded6f8641cc65,10
8ebf221f50361ae0,10
8ec1043f6cc389a0,10
8ecda24368c2163e,10
8edcbba632ebb415,10
8ee82238d5b35e83,10
8eef1eed13e348c8,10
8f072f2329457fc4,10
8f16a34eacdfd4ee,10
8f2afffcaa35401c,10
8f96622ef6e29ecc,10
8f9d5507931d097d,10
8fca1239cb14402d,10
8fdc8115b5ef2aa9,10
8fe67dc5be9c89d1,10
8ff6257949b46280,10
8ff91ee509b2589b,10
9013271d0bbb43ac,10
902a76a8c5e1471d,10
9038849da5407a84,10
9056683e5b4cc373,10
9079e144c4433c59,10
9096bf7272c71105,10
90ab8be1855a40a5,10
90ae08ab6c63aca9,10
90beb3ae4ad471be,10
90c469846b095f78,10
90ce14c0e049c6fa,10
90ded6046bc5ae79,10
90f3d39ca6869bad,10
910d1678643730c4,10
911bc89a7e365614,10
911f884c9dadd055,10
912695bf4710aad9,10
912b67ffce4af7ec,10
912cf1dff32dbc5e,10
9145150bfea8de4b,10
91534ecdd535635a,10
91559a934524e702,10
915c482f5e48f393,10
91731e26420e7670,10
917adeae4ac3efa7,10
919f55bf4172fcac,10
91a0a2d462dc0d41,10
91ad5b326a3561b9,10
91b5a0dc403c1721,10
91b799b148c68a8a,10
91c2677458bdfce2,10
91dd1338a5f385dd,10
91e6d95016ce0567,10
91f1c9b2d86f23bd,10
9212c67bc0e59f63,10
92271b4382f16aaa,10
925dd8a52e4e07f6,10
9272190b156f9bfc,10
9283ea288d3f2832,10
9284a7d3195c199b,10
928577191b4cdeb3,10
929882b869a7949c,10
92f29cc2fb2b8f3a,10
92f3445a57dca6c5,10
92f4bf24e0a8cb58,10
930b71a0b0621ef6,10
9318948ba65de769,10
9322e00ff42f2182,10
93253c20a5175643,10
932ac227b8ab560e,10
9332f0b03bba2f3e,10
935b267f84bbdfff,10
937453558016fcce,10
9383a0df787f0a3c,10
939012b81c8c5a02,10
939c160aa9d5fefd,10
93aa539a57bd9410,10
93b1be18fdf06d55,10
93dd9b014d5518eb,10
93f27152ec8c9591,10
93f67d551796b1fc,10
9408463345849bff,10
941fa8e46e4cc718,10
943b858887f86a50,10
943c8315026c3ac6,10
944195defab8e708,10
944a5e4c99aa7701,10
94590941ff7bf799,10
94710a6701bce17e,10
9476fd4c975a673c,10
947be2c3d14647e4,10
949fd30c4ad5d712,10
94a059cb2b6eb0f5,10
94a083a88bff5f1c,10
94ba8742d03eda62,10
94bab40a191def20,10
94c6adc462342b80,10
94d8eb06d904ec29,10
94dce9449ec4c09b,10
94de5bd76df74d42,10
94f4e7ae4539dfea,10
950a1ef47ff1f092,10
951b6a1c93469788,10
9526651754957b4a,10
9531baa863e32a49,10
954b61df4e545234,10
955ff1db139c8d07,10
956b78908ef5a74d,10
957be84a06ed05bd,10
95a6abd14c304678,10
95c0b0330487f2ca,10
95e3b907b0c652f7,10
95f6d033723e650a,10
95faa9f6c39c8ec8,10
95fee78c4c6d9632,10
960157e1cc1b207e,10
96180cadbba3065d,10
966761ce543ea7f1,10
9681b0cadb6c37ef,10
9689a7f7695f31ca,10
96d4cf113afcd471,10
96d55366453fd56b,10
96e9c4890961d992,10
970d17934a27fde4,10
97317ad7545b68a2,10
9742ac23f04b5fe6,10
974fdba511a58088,10
97582812c668144d,10
9776b0cec981ea9a,10
97943c1bf70d2419,10
9795a66e7d387ac2,10
97a65df62d6c7fda,10
97aaa09f204e1b42,10
97c38b238c6a6c77,10
97e6aee9cbd0d945,10
97f0072a304bf799,10
97f24b2b42927a00,10
97fcbbf11e0f4627,10
980f4fee9c6620dc,10
980fe4b932ca50f1,10
982e07ef018b8bdd,10
98324bcb32096a83,10
9839099adabfbce6,10
9863f5080b322f8a,10
986f74e88280d41e,10
987694285aaf533a,10
988fa4da1794825d,10
98980963cf9c4729,10
98a968823226da0e,10
98ae0eabb779c666,10
98bffa495cec23fd,10
98d933e1fcf3c5f1,10
98eab43c6d83fa43,10
99160efe74959812,10
991e4f31f71ef318,10
9953118711fac6f8,10
996e843d01cae5e6,10
9972a4775464d66b,10
997d463b621915b5,10
9982d6f40748f7d8,10
9989827a9e759209,10
999410f009134eab,10
99994328a44c9025,10
999b1a60dc3b785b,10
99c3ef0043f3fb35,10
99c7d3ba3f94ecfb,10
99cdc0331dbaba0e,10
99ea2dc7c2318483,10
9a0941c946bbe2df,10
9a12498cc97c29b8,10
9a1892752bf14c80,10
9a1f0366cd896b87,10
9a2842a1c76915da,10
9a56680e646035fd,10
9a56ff6ddbe22af3,10
9a64672c2a70fdc7,10
9a8f06ea1a603daa,10
9a92d37d14359da5,10
9a9c9f3e1dcacbce,10
9a9ead0db22562d6,10
9aaefde3fdaf2f2c,10
9ac204a7715625ed,10
9acb6da45101d180,10
9ae6c81a3b07d6c0,10
9b0c6cc7e6395a48,10
9b3d29550b5ae5ea,15
9b454e70377ee8f4,10
9b465be1382c6d42,10
9b46ef0015471991,10
9b718807eacaab99,10
9b90fa8ccb5a43db,10
9baab90d7dfc64e2,10
9bb1ef5de19bfe4d,10
9bb9caf3b810a511,10
9bb9cecd37a618db,10
9bbf0249596b130e,10
9bc078b238629d04,10
9bc1093fd93954cc,10
9bc54cef56a1ddd3,10
9bd99d085ded4175,10
9bf1b56e827487f6,10
9c00b2ea31e68bf2,10
9c00db0fa33f787b,10
9c0fc4f517c42ffa,10
9c10261f11a9c69f,10
9c14461b4b2137c1,10
9c44f9b3d85ffc61,10
9c4ef3b2814d8592,10
9c6cb7315692d5e6,10
9c7f1701550de2ad,10
9c827bc6768fa93d,10
9c8de02fec206831,10
9ca3aab7069c04a6,10
9cce6b80f26dd583,10
9cd098a99dbbff61,10
9cd174545deb61c5,10
9cd972caedb6443f,10
9cdc7bcc37934449,10
9ce2ef583bed4c33,10
9ce6893e6ca1a7c8,10
9ce6d1ca1a949fb0,10
9ceab02fbeba5587,10
9ced30be404b8989,10
9cf81aaf369f54f6,10
9d0ec25ce822c17a,10
9d168e6974f51db5,10
9d34897eee0b14c7,10
9d4bf9464028f07b,10
9d5b7d1c383c7221,10
9d5e1d3b4d30f883,10
9d5f36a09aad9177,10
9d7c6584d15a27c2,10
9da12bca41666abe,10
9daaf2697234efad,10
9daf2d594e5d747b,10
9dc634523e1b24dc,10
9dcd8175989e4acd,10
9dcfb37615a0371b,10
9dd207ff3ebfd598,10
9dd7415881dede01,10
9de0b9ba79e70fae,10
9de44619f393863e,10
9dec9bbf8d90f643,10
9e00cb3a5440d707,10
9e2d2a388721da4e,10
9e3a93e956d7732b,10
9e56c6e11fd0dc69,10
9e723d3361a600d4,10
9e82175ddb64c85c,10
9e93406f79a69713,10
9ea7aa4ec4426e2d,10
9eb7561aa3b13f3a,10
9ec17f736d93f10c,10
9ec983246fbbfe86,10
9f018ac7eab10cbf,10
9f0487fac75c73b0,10
9f39440a33d49a3a,10
9f40c47f884cd1c9,10
9f42ac6dd0127edc,10
9f534fd8eceff80b,10
9f5d8dcceeab915d,10
9f63258311c7a681,10
9f75e09209febaa5,10
9fd806cd674d1989,10
9fe3604c6eb8bfd2,10
9fea62e4da8b7e70,10
a00d4fda40dc613b,10
a02ff4b40290a621,10
a033059fdc97aa0f,10
a0453a42a62ea40e,10
a04e23f525e06232,10
a05f4dc55e6094bf,10
a072f3f48ef0a754,10
a0890eb247ff5c8e,10
a0897e0665c287b6,10
a09645146263aabe,10
a09827bcddbdda75,10
a09a1bcc888ff2f7,10
a0ac872fb22b58e9,10
a0bed0cc30e201a3,10
a0cfb97c0dee47e9,10
a0d1241637641111,10
a0ef2274c968c358,10
a0ef4a588ee6fb59,10
a10ab94c5dd5aa48,10
a10f2c61e4832ab3,10
a127041d1851db79,10
a12b54a736771b8c,10
a14990ba1e6d06ac,10
a16a1e94a03c0094,10
a16e9570c9c11357,10
a1759ee72a0914a8,10
a179cb497e32c7dd,10
a18650f72e2aa5df,10
a196e7371aa0a23c,10
a19ca47965f53588,10
a1dbe92b90c414ba,10
a212603d42a1a39c,10
a2126b50b67efa95,10
a215ec943ba15ed4,10
a23ccbe7928a63a3,10
a2839750ba44bb3b,10
a2886f414775b683,10
a2932a243a0fabfc,14
a29933b331c3e758,10
a29b8ce5ded58752,10
a29c7417f8d7532f,10
a29eca8f93c9d7e4,10
a2c619fe40d57047,10
a2eababfd450c31b,10
a2f81fdba698461f,10
a2fc286696a7ea47,10
a3385e2fa8f16058,10
a3428b044cc050c9,10
a34458b0a6d25892,10
a3458d68f2a0c2b6,10
a35851a050ba3ae0,10
a36c8ab58f36e52a,10
a372c2157ee1416f,10
a37ca1f8b48423b1,10
a37f861d119b11a3,10
a382df4059846295,10
a384641759a15cf6,10
a3984eaf02d16289,10
a3acb118e966aed0,10
a3b46dfdf930f784,10
a3bf6f4e45864ac8,10
a3c01e30df8a98a8,10
a3c249ad7a9928fc,10
a3cf7651d70832c8,10
a3f36a75745e7a15,10
a3f94ff517974f50,10
a3fcdf62eb7cb4d1,10
a40233263d3f1e55,10
a420f7c76afd19bd,10
a4328e6feefdd597,10
a46ba1dd037e3137,10
a47b1e782111a362,10
a48365f487fb1750,10
a4aa01f1f8e9326a,10
a4ab9a5bcf04e311,10
a4adda6435bc3b26,10
a4be159f0971bb47,10
a4d1b04e6dc99691,10
a4dc5cd727f14aa8,10
a4dd5a03eb1ae82f,10
a4e8809a2cc4f28c,10
a4ea65821c333821,10
a4f63fc013228353,10
a514722881038084,10
a533c2164e2d3035,10
a533f17d4bb03191,10
a539aa7c08003c41,10
a53fb410736fdad9,10
a54cf7c3304fa574,10
a5610f43cd3d602d,10
a566b38a9632b62a,10
a57d1cf4b297b9f1,10
a5830c46def9c6ae,10
a5991ea2f555be91,10
a59fa62717ea2024,10
a5ac7b41ef215beb,10
a5af20a3a1821f33,10
a5c0137f1ada7efa,10
a5c865b26c07eec5,10
a5da4fb99bd6ac7d,9
a5dfca516ffe4d7d,10
a5e39c76a8e91ba9,10
a64b2a83dbdf021f,10
a6724f557809868f,10
a6734164dc526416,10
a67a3569206dd2d7,10
a68a6cc7574d5b23,10
a68b5acc44003c32,10
a68d2056e5c6b49b,10
a692e15a8d74282c,10
a6aa927df74ae3d3,10
a6aa97f8c64164af,10
a6c77a5939b97fa9,10
a70a111867a1816d,10
a70d99565ac7631c,10
a71f2187434c718b,10
a722c3fdbd3688fb,10
a723632a2b5fac4e,10
a72eb580f25c801c,10
a73a7e615c82374c,10
a74672d06e8d39f1,10
a7522d3732859373,10
a7669c3dcedccb4d,10
a771ea31c0a140ed,10
a7907b966854b10a,10
a7980b8c4707c40a,10
a7a68f0148c613e6,10
a7b8d781e505ac56,10
a7c89e010b6634a9,10
a7ca01007b6d5f27,10
a7d57c40ba216c41,10
a7d97cf415222663,10
a7fc3c36b70d4302,10
a8003dbaa21cde73,10
a8104ee2d676090a,10
a81f296b322d1c10,10
a8331da38c1e679c,10
a836c953faa3bc4b,10
a8404eef0c0a4103,10
a8686d4ba46af250,10
a870b780a295336c,10
a87c704d15ba7bf9,10
a8a69a83e261e03d,10
a8b47711a8115b7b,10
a8db72d753fbb0de,10
a8eee234011ada5b,10
a90a5ba6ed09836a,10
a915f506b9316322,10
a91800c23d7ad0a7,10
a91e128bd7b528dc,10
a94028aabaa3f07f,10
a9472736dc55230f,10
a9481c79fe3bdff4,10
a94ffcbe1b07ed53,10
a967410565238b9c,10
a97a94063adac491,10
a98ec5b2ba403cba,10
a9ba79a34bdd28cb,10
a9bfd89f16426850,10
a9c1b42b362c6910,10
a9cedea5cdd08994,10
aa0eef8f5441887e,10
aa0eff0c96f9c7d0,10
aa2862bbee700448,10
aa451a8ee849d08e,10
aa538b65465c2326,10
aa6531cffd944af3,10
aa6cea2bdfa08f9f,10
aa74b345e8679805,10
aa7de6943b151b84,10
aa7e6a08cd327275,10
aa8c411318d67a9c,10
aad4e021b0d64f54,10
aad9bd6d81f90535,10
aae79c4720f3d076,10
ab0b714c18e6242c,10
ab0fd5551c626ea4,10
ab1270e4fe688638,10
ab1df0e719038b25,10
ab4c66c85e5435a1,10
ab6c24729b89eb2c,10
ab7583efe6e1c8da,10
ab7ea61b12b3d3e9,10
abaa31acd0907d84,10
abad497640eb27eb,10
abbb91a44813c6cd,10
abbdc7f51d393dbf,10
abdb717d8fc0a2fa,10
abee0d79bbe64762,10
abf0dfd4c126ad3b,10
ac0a5a96f31be592,10
ac0db531706587d9,10
ac2f70d568042f38,10
ac33fc72f78724a8,10
ac34faea0b6639df,10
ac4b2e90d39aff2f,10
ac7bdeb229812065,10
ac7de0d2e6ac1216,10
ac88c9ebef96eea3,10
ac9427f2b80ff989,10
ac99f791467f1be9,10
acabf2b20f961421,10
acb6e29f82df0ba0,10
acbb92c8c3f76049,10
acc8724ced429db9,10
acd23d4d6ddc02a7,10
acd4868055b4fa4a,10
acf5b0131f0c7dfd,10
ad0434d359f7e282,10
ad1ee3b1a2d0e1fb,10
ad39ad7332248116,10
ad39be45a4e448fb,10
ad821d17a6a45dde,10
ad8cea8e5379ef59,10
ad906c10b354307e,10
adc500d31cd6f3be,10
ae1759f5040cfe2d,10
ae2f201790f44f9f,10
ae3261ebf027d1c7,10
ae360307684b4903,10
ae6c2f9529fb64bc,10
ae923dc946c28b47,10
ae93631b353b0d04,10
ae9ed164631302fd,10
aea204f0c8bbcb47,10
aeaeaf5fd8183f46,10
aeb584f9f6eab386,10
aeba4cc81f453c31,10
aeefb41d70b217b6,10
af022da335a1f116,10
af090ee587f3031c,10
af16a253aa103c9f,10
af1e05cafefda187,10
af37ae156adbdac2,10
af4ff5139e15f67e,10
af59c251fccdd4e8,10
af6faaaac31460d9,10
af90044c2f4acd83,10
af961540db8b4a57,10
afa0da9f1251993a,10
afb46527445584c1,10
afcecb894e9feec5,10
afd84d5afb4d9d5e,10
afe418d3be519226,10
aff6108aebaadab8,10
b00afc9076fa9029,10
b0150b897fdc3098,10
b0170f54c8d76453,10
b01762c3906ac768,10
b01e407b17b32962,10
b026b61848460455,10
b02d31d8ef5d975a,10
b030673a0e09c50d,10
b039603b84df82a7,10
b04aa0f89b1c2d75,10
b05226425ad2f161,10
b05872760257985d,10
b06276841c624ef9,10
b063be5499934e25,10
b06b6f9234cccbef,10
b0aa33706b55b413,10
b0bbd48d3866f8cb,10
b0ea8af2576398e2,10
b0fa4fb2fd8c61c0,10
b1130cf8f9c5e772,10
b12aca54710a7a12,10
b13a3411cc2e242b,10
b13df21c2366d5a8,10
b14119e6e175d443,10
b146e55ab060abc4,10
b14fd1cbf4a478c7,10
b1712b7956fc3028,10
b180001a87c4abd7,10
b18397af7713cb48,10
b19ee6b71e738673,10
b1ead01742931c7b,10
b22979b9ded477fd,10
b22d0f3f1ba2f0d0,10
b2332294881491e8,10
b26329221913acb6,10
b292c5d1399ff0a6,10
b29c8bf56f6144c8,10
b2c4619de23cf1e7,10
b2c86ef12aad5eb1,10
b2e9ca961249e2d2,10
b2ef740c15462370,10
b2f29a32d5e4a83f,10
b300d21bbff59d7a,10
b304d6395dddd42e,10
b305f6be42f858bb,10
b329e7d6358b0423,10
b330df4de0bcddf3,10
b345e15abf449b48,10
b36a2e3074b9b454,10
b36b305476363b65,10
b3752c26ee320c5b,10
b3cf0eded864974b,10
b3ee0945c7590ce6,10
b3ee308008d5062a,10
b3f165928eaa9795,10
b3f2aea90eefe127,10
b4155346e7728195,10
b4160b81cb9c933d,10
b41eb4b96009bb5b,10
b457855303111caf,10
b458d507bcebb75a,10
b48012e9d6fced7e,10
b49ad6a9fd215034,10
b49ec7b6e70e0ac3,10
b4a5f6f4c3a5902f,11
b4bbe6535b6302d5,10
b4cd7f8f073e76e3,10
b4d301ea53190209,10
b4f2476db962125a,10
b4f6f3cfd9f0f287,10
b4fd38ced29ea134,10
b5020ba7c60c6b45,10
b5054176e521bcbc,10
b516729f5838c5e9,10
b51847fec08a0f8b,10
b53089e9f1bb2f21,10
b53a5960a62545b2,10
b54c6d40a417cb91,10
b54e3fa8570ed118,10
b555426c35bdf4ac,10
b55c652ff9a8a2fd,10
b55c708fe80fc5bf,10
b561379617c0dc39,10
b56cb9f6da5052a6,10
b571cbbfd29636fa,10
b577a66b68caf38d,10
b57fa93045e71046,10
b5984b2ac95207a4,10
b59e397a52a18d24,10
b5a4641e8ee30036,10
b5ae9ce89a2e59cc,10
b5bb778960ef9dec,10
b5bd3ae9f59a3975,10
b5c163cfcd10dae7,10
b5c6263bff9ec87a,10
b5d9465926790b3c,10
b602d9c64a58d5b4,10
b60bb050e8a4f6a7,10
b61db76b2154769b,10
b62622f67204818b,10
b629c090762538d0,10
b63e03e70d416cbb,10
b63e6cf6f052ebe3,10
b6443944c0bd3187,10
b65e88c4b6888f7d,10
b67310e2b7ac1bf7,10
b6898378212fa327,10
b696a2d4820f7859,10
b69958053fc6c6d8,10
b6bdb005bad88103,10
b6e9a707b663f68c,10
b6f99a30809538e6,10
b6fe005f4205fe61,10
b7131e21f6eb252e,10
b7274df360c98b7d,10
b7686850850c7171,10
b775f40808ee7697,10
b78acf56eece1674,10
b7b537aaeb4972d0,10
b7c411103db1e3c2,10
b7e747da48c86026,10
b7eabec01dfcc9d7,10
b7ebcd6e38ed9b94,10
b817640f2c56dc89,10
b82908312ba8670b,10
b8469111bf20089e,10
b85141612aa43af1,10
b8637cf4aa7edc70,10
b86b4f512806fda3,10
b88edb29ea618dce,10
b89b17c8ee1630d8,10
b8ad4633e53932f5,10
b8bf3837ec7db2f0,10
b8caa1937640ead8,10
b8faecc288980344,10
b90ba3694037944a,10
b90d92b4aa67ad60,10
b93bd873cf8cd10a,10
b9543329e4868bd3,10
b9719f9d9aab7b55,10
b97ed4ce330e8de1,10
b9a657b2bee17087,10
b9a8d1cd9bf991f1,10
b9abc522985823c8,10
b9c58b098d04d374,10
b9c7987880a79639,10
b9d33cfd6d182f56,10
b9d3eb305b671378,10
b9e59980115f03d2,10
ba06b386c0eeec8e,10
ba1de8623b961ba8,10
ba25fa71e139d03a,10
ba4d00ab68323c33,10
ba64a8ca3619de88,10
ba6b8ce7a95cd5cc,10
ba7180ceb7d1ffd5,9
ba7d2706ed025d5a,10
ba828ceaf989204e,10
baf388c1f45dd01b,10
bb155587be0669ef,10
bb1e1042717351a2,10
bb2168124f632d24,10
bb5bcdcaaddc97c0,10
bb6b0f7460742ec3,10
bb7be841a75a8827,10
bb7df3843be874a5,10
bb82a23d050613d1,10
bb838688f27e269a,10
bbb72a5bd29a262c,10
bbdd0170643e661d,10
bbe4d9381900b70f,10
bbed81b562aa7f79,9
bbef5f01a9ba4c87,10
bc139107dd29c6ea,10
bc68309937870981,10
bc715e5ce8216066,10
bc984dc5d1ce9e43,10
bccfef0c2162bafb,10
bce5cf1c2acacb96,10
bd0e0dd63ae79de9,10
bd1aba7fc5f0839e,10
bd2294dd3462a75b,10
bd41dada0b6e9193,10
bd4c9ff9e4022860,10
bd56b6a8ff9e280d,10
bd5acbafedc3d0ac,10
bd69c617a8590d5d,10
bd72dad973038752,10
bd7b1ff0d60589e3,10
bd815469a5a8842e,10
bd91475eb3a1809a,10
bdbf7fd35fde25c4,10
bdd45f2e45ea665b,10
bdd7bf22f4b94f41,10
bdebbd99454e91a2,10
be227e0af2374ee1,10
be2d41460ace9b23,10
be3b6afdde05e392,10
be6c94e386f5d012,10
be6f7facfeba2f8e,10
be7fce9d3ea04826,10
be9f233cddf2ddae,10
bebe6d3b348b1655,10
bec4be2ad0e96b82,10
beccaf158bdc34ca,10
bee15738d66ce056,10
bee95df71425ed6f,10
befbc8f54bc079dc,10
bf0b9367d095b9eb,10
bf2e318055dce397,10
bf32f8b2dea78261,10
bf3945f4404576ef,10
bf499dc512804dba,10
bf4e307cffa60501,10
bf5af5c5969e320f,10
bf799c85424fe451,10
bf9868a943c32a51,10
bf9e99964f6d7f3c,10
bfa475e5ad81fd05,10
bfabffb767f61478,10
bfad7537e1591dbb,10
bfcdf6f6a3ffd7ec,10
bfcf0d02154713d4,10
bffb41c379d08982,10
c006fda73a98b682,10
c019fbdb115c8f84,10
c020da734fd381f8,10
c0575b049f5655b2,10
c0576c9cc49a99d6,10
c071e488d1dfb05c,10
c07acf54b1d57c2a,10
c090f4c1b7e5556e,10
c0942653463b675d,10
c097f827337c26b0,10
c099423291e15d4e,10
c0a38b0281e47272,10
c0a7a93d151421ac,10
c0d52d7843b737a4,10
c0db674dad2444ec,10
c0e57a93803e3052,10
c0e95bc8e55e8d6f,10
c0ebad485f8871e6,10
c0fccb363418207a,10
c10922412bc3ffeb,10
c134ab8828d89676,10
c1374ad5aaaa51f4,10
c143f1dc65452e52,10
c15120b76d7b6f12,10
c1678fe8c1106f56,10
c189de838af48fb5,10
c1a27090e64ebdc1,10
c1c2c5f02bc3cf8b,10
c1c61fd156181a54,9
c1cae60e15a8b828,10
c1d6a2220290dd21,10
c1e0a60bf4a3f570,10
c20906c192b5941a,10
c2167ee61e82a534,10
c225e3bb5dbb845a,10
c23ba55f42a8e90a,10
c24009f55e311630,10
c24caca0c370eebb,10
c25292c93f9a7c5a,10
c25e7df6ea26d112,10
c26ca8cf788a0503,10
c27d268ae4429901,10
c28188d1a3353f6a,10
c292e0f8bae5f425,10
c2945a594a3c5778,10
c29640a395768128,10
c2cfb86d9c1afc8d,10
c2e030e81dfcb06d,10
c2e5d0a109994851,10
c2f3e183a42920a4,10
c303a374524ec671,10
c309de16988c10d5,10
c311fd655762f0e6,10
c32725629bd4c044,10
c354fd7057289966,10
c363b0c82f9316db,10
c369e8f1f66fe899,10
c39978d6bb313ae6,10
c39ac1636832e863,10
c3bb018f34bf722a,10
c3bf828d5dfc8348,10
c3d2d787362dcc9d,10
c3df2fa9af5fc602,10
c3e1653de5fbde03,10
c3e1a58dabe411f4,10
c3e2590be9b1805a,10
c3e36eea5f464c5d,10
c3eace97b05ba88c,13
c3ec23394a795120,10
c3fd0a2066611855,10
c4175cd4fbc1c50c,10
c41baa4381019a78,10
c42398912e09c771,10
c42f460ee0d41ffc,10
c434cbb332015dc7,10
c43c63208b77cb8f,10
c443146454e6c778,10
c443c051987fafe6,10
c455652bc0c7571d,10
c4a94c552a790107,10
c4ad2dd3ba50f9af,10
c4b2e70e97ae5fe6,10
c4b5d48ac46c195e,10
c4e64bbcb5e697f1,10
c4ea3dd39f096598,10
c509996082a8e9a5,10
c50ca794672c93a4,10
c50f76faeebf8b3e,10
c510abba0fbc673a,10
c51fc6c0bb6ac33e,10
c525a604720b11a2,10
c529cd31cfb9ef74,10
c533d6494cf15f16,10
c546271cc13774a5,10
c56b9f4231082015,13
c5707e2ad82817d2,10
c576a4deba12176a,10
c586dd60ec2268a8,10
c591726775dee78f,10
c5b89b68b5e207dc,10
c5b8c03b72826c7d,10
c5bac91f1d260ead,10
c5cfec2b636837de,10
c5dde5fe14131bfc,10
c6083b9285cb6bc6,10
c61ca4141568cda6,10
c627f4419d5687ef,10
c640f917d71e8df8,10
c651ca0565a470d0,10
c66b9dc988fe62a7,10
c67ba34b55affc75,10
c69005a3539fcd5c,10
c6b5c01233cdf54c,10
c6baf4616cb79dff,10
c6fa7c6fb5272b2c,10
c706d7bd6809b309,10
c70ed502e1bc6728,10
c72003e35dd7a876,10
c725a2bc09955c4d,10
c733ccfa1f1edecc,9
c746ca828bdafd08,10
c75f60409d2c0298,10
c760e584c9c0a95d,10
c7650df15af445a0,11
c778eada78a5eaf1,10
c781fd07cb819c8f,10
c7a95fa8fad3db7f,10
c7dc48aa3e0cf7d9,10
c7dd29a2c0a1ea48,10
c7e0ae18acd1040f,10
c7e9490ed9dd7c6a,10
c7f8a7a11fc940f8,10
c80e363a476f3d65,10
c81555b7ec2c0c30,10
c8295da5da8e6448,10
c84147f29cb762cc,10
c8452a510b83a299,10
c85c4893ae61c2d9,10
c860922fc55c899f,10
c88a798462dba8e0,10
c8a10b30f8cad747,10
c8a903e85a9f4ce7,10
c8a9eda8c69ffeac,10
c8acd365218bae3f,10
c8b0ea1b0fab8bc0,10
c8c23ac309c53958,10
c8d07dc15b978d14,10
c8d506683be743a4,10
c8f2e645902f2f6a,10
c8f67ecdfcfe2ce9,10
c8f790cb2704bd89,10
c8fa6522709aeeca,10
c8fe140231240cb1,10
c902dbbdbc54d5f0,10
c90339268eba60c3,10
c92f6a8d732e4610,10
c9338e76e8b6cf4a,10
c9468feeec9db4a0,10
c95018a364caeb9a,10
c95730778287edf3,10
c96a1f517a28a16d,10
c970fe797f7c7fbc,10
c9b0b10cf7f427e9,10
c9b50ca32c7ff397,10
c9c59a550f1c3fa9,10
c9d0657a1c405c22,10
c9d8c394781228a1,10
c9e811b648e8f5e5,10
c9fb0decc109bf86,10
c9fba5a1d680a603,10
c9ffea38454dc234,10
ca08d521c6d58a71,10
ca36a6ee5896ca5d,10
ca3e9df573e33104,10
ca4abfa17927c848,10
ca681c3639d09321,10
ca6da3c023b391ea,10
ca7701a18b2ab8b6,10
ca87e7a6fb8c13f7,10
ca9126366742e942,10
ca91673c6bf73b8c,10
ca98e9d72cc98b2b,10
caabaf6c3f2213e5,10
cab0143385f8a70f,10
cab05d1729348e41,10
cabc1287c5c14e54,10
cac4c36035f17c29,10
cac4e4554d6355be,10
cac4fc177bbcc3aa,10
cadc355b3ee8548f,10
cafb0dfcceaedc11,10
cb139007043869a7,10
cb42ba7e531e7499,10
cb5516326d95e3e9,10
cb55ba916175c784,10
cb5b773cdb3a3901,10
cb60ee89536d88cd,10
cb71c31fe610fddc,10
cb7f0c7100a503bd,10
cb833cdcffea9a32,10
cb9505363bd64e74,10
cba1d8a2db193a4e,10
cbb08c0af03d36eb,10
cbf715984dd2acca,10
cbf7576b380ce3da,10
cc0ae967e6a88b53,10
cc0d578c7b089314,10
cc22fe779ddb2700,10
cc33cfa8106af92e,10
cc4ce32a0515055a,10
cc58c30b8a87d843,10
cc75adde10da3546,10
cc81207032c09b6c,10
cc82ca243f460dd7,10
cc88276350f57ccf,10
cc99275832da93af,10
cca1bc0c7b565d94,10
ccae053377e69bc4,10
ccd259f9581515bd,10
ccdd37f030d6b5b8,10
ccf659531f48273e,10
ccfe4eeebcdd2001,10
cd181258f6d41930,10
cd4d2353545cd868,10
cd634f9cf591432d,10
cd7f5d6ea8eb79dd,10
cd81a989802813a3,10
cd82661b0f25d6c7,10
cd89c5a99076f289,10
cdc713b101fa96ee,10
cdc873e2c9b77ea7,10
cdc988d70c3c2132,10
cdeddcb92cc96367,10
cdef03e7d308124a,10
ce0cb0ff15f46940,10
ce0ff7cee8b04b23,10
ce13d6084d977ea5,10
ce2985980da2886f,10
ce35e751c6bef995,10
ce47b58f655f9f48,10
ce61f742ccc87f29,10
ce6f93ec5735b31b,10
ce71491688291223,10
cea8f36cf872da9e,10
cea9f70aaa7237c7,10
ceab9a557db65ef8,10
cec866eb6715427f,10
ced0540637031f5d,10
cede7e6b1db9993f,10
cf0109b1382ebe4c,10
cf06882aee8046ae,10
cf1d8b6a5d0ab6d7,10
cf4989c40a337927,10
cf603a299680d115,10
cf6614ff5140c5af,10
cf70c824337fd877,10
cf8145be1cfd809c,10
cf90b4c2165a66fe,10
cf93d283baa11d0b,10
cf96e9dd17df785a,10
cf9db9879048478a,10
cfa0596b1201f4e4,10
cfb9a8b590726a52,10
cfd1259a1e309604,10
cfe2b5d3cff7ea80,10
cfeaeb7ef2480fa7,10
cfedda9472a010e3,10
d01c6e74e9a0614c,10
d02c04c444df4056,8
d02eb3ebc18e577b,10
d03334235290f31a,10
d034f653518184af,10
d04aa571ac53dec2,10
d05a5bf74a234fd9,10
d07af1a8b8b6acd8,10
d099a98d195ca33a,10
d0dbbc9bcea92895,10
d11955a8b78c1093,10
d126831314bb62ef,10
d129d0ce2b775660,10
d137dda3a7d4a77a,10
d162bf14e83604e6,10
d17953813c0bfbb0,10
d1842b4b45bf92df,10
d19074e8324d60d1,10
d1a938af3522a2d7,10
d1dc1ada03d223d1,10
d1e10f965fab0a72,10
d20516a3e8f47202,10
d2186ada50089391,10
d234214111e9c382,10
d241b9334b8d0625,10
d25847c504650c01,10
d2685ac157e76475,10
d2705bfb515f0edc,10
d277c9ce39f1fd19,10
d2855a3793b242a9,10
d29896bc491c1c6d,10
d2b33ee66289a8de,10
d2b5f6f4590a0501,10
d2b613b3b3b313ee,10
d2d6c81d8953e169,10
d2dcf45aa31f09a8,10
d2e8a3d25959c3ee,10
d31ab3c106c09e25,10
d325249cd9100f2b,10
d329492cdc98cd23,10
d33877d754331039,10
d34465c51253b5a5,10
d34f0a58bcec3b97,10
d3af475cd574170c,10
d3b5d4a1b4b2abba,10
d3bf09f216eb5988,10
d3e14e9d72258154,10
d3f57e455b9a7bcb,10
d4005554002839f3,10
d415d11c44eb7941,10
d4307d5d69dea1fe,10
d43a22d4af4e4320,10
d478e4b7aea9afa7,10
d47eaa711f5e8a79,10
d4b4be9102e42b1c,10
d4bdddbb2ab10fa8,10
d4c6a228c75ff379,10
d4d1fd94568047ab,10
d4d5089a5322372e,10
d4eab2e04db4d2e0,10
d504180c99854a20,10
d52e367b09e2cd36,10
d530b153320f4180,10
d54542f9187ea0f9,10
d553fad15938c196,10
d55a4a403211f35e,10
d56c690f01bbf6d9,10
d577c17ae08e3621,10
d58b97a650688653,10
d5915af397116496,10
d5ca94c71896f2c5,10
d5e8cbf9316f754b,10
d5e95dfc24579d47,10
d5f5b0017884d649,10
d62e989b68338ae6,10
d63ab0ca891aaf07,10
d63fc860ef7fafbd,10
d68197b12cfa8848,10
d68901bc63a8ff8d,10
d69f4c67eba4d60b,10
d6b7075d747edd23,10
d6c19c7e2ea3822c,10
d6c31aa7bdd8da6f,10
d6de09d68f034a01,10
d70161ecfcd13790,10
d704b52a6e569236,10
d7054e1754fda878,10
d72078f3d5e2290e,10
d780e60329e4d10b,10
d7903e4096d2e815,10
d794af02795cde7c,10
d7b07d64df2c568a,10
d7c3665fa6da1fe3,10
d7cd672b925cc103,10
d7f324677fe52fa9,10
d7f417231943fa15,10
d7fb104ee9540460,10
d80f4b9caa5d24b6,10
d828bdff674a2fa2,10
d83b716cd7d11869,10
d842efb765cad05b,10
d85c821cd5b42048,10
d8697a24c0aef0f2,10
d87e692408d2e3e5,10
d88465e4e29896da,10
d8a700001ac2df07,10
d8bc8fe4848a0771,10
d8c87d375167f16a,10
d8f5444db39a805c,10
d90c172fc49ede4a,10
d90ecc8a74124bcf,10
d92f0e26e1077190,10
d9538f2bc0c37e0e,10
d9737339e58d436a,10
d973b4bfdd4f8f3b,10
d97cd491c8b307f3,10
d98397e23b44a84b,10
d999bef5a1043081,10
d9a1285e2cf77999,10
d9a58ca8c7b2b234,10
d9c8d7c58585d915,10
d9e3bce405fb297f,10
d9edcdf108771b20,10
da11fab881ad63b4,10
da40e569a6da376d,10
da4eadff99499122,10
da57c45a8373b21b,10
da598591672fec8b,10
da8e89749e0918da,10
da9427db614c5874,10
da95786ca84a1c1b,10
daa20f356ea35c90,10
daa747b092b67d12,10
dab287768f9c9a8f,10
dab589cee3e60b76,10
dac0cab0de187ba8,10
daccd95bc98dd37a,10
dad0c9df9f678f1c,10
daeaed0daaa8da28,10
daf739ce5a704cce,10
db09b736c1753cab,13
db0a448ca0b09cfc,10
db0ebc80394598b2,10
db15a75cf3bccc5b,10
db377efb92ab5510,10
db3bc01f0eb4c35f,10
db415fb8bb5a925a,10
db618fc430d93eca,10
db75940e274305b2,10
db7e4b64882f2753,10
db93bd6d055e0f13,10
db9976555bd8061c,10
dba1e4e135e23473,10
dbb8b049c31c4edc,10
dbbf1c4363de7ad5,10
dbcc47b5f2d160ed,10
dbdd962bee38923c,10
dbec95dc7669c1c7,10
dbf9f8f16e7f1090,10
dc11f38d6243e85e,10
dc234228fddc8c4a,10
dc338506ed8b196f,10
dc422a0a057a0b42,10
dc5e0eca8d350436,10
dc600b5300c5d85a,10
dc6495b55f2d5c6d,10
dc694fc82378a057,10
dc722201a9bdd57c,10
dc8242ffc7308cbc,10
dcab210f208eb11a,10
dce5038fce6c5dc2,10
dcf34273c9cb6afb,10
dcf9a4c090a37d0b,10
dd111fa6f03ffbf2,10
dd2501520cdaab1f,10
dd253b200964a300,10
dd33ffcf9e219e90,10
dd4aacfa7e1683ae,10
dd5593b87cc7d5ba,10
dd5f3fb469abb210,10
dd7144ce9d7a272a,10
dd89278501589efb,10
dd8e86b35b1b295f,10
dda213ad7d5e9ce8,10
ddb2812561a03a43,10
ddd101eaa5ed95dd,10
ddd84cc1f87f1451,10
de2ab6ffce6f1ae7,10
de44373da281270f,10
de53522f399082fb,10
de5d8bd942ef3464,10
de760acf01ab8415,10
de7b49d732e81f8e,10
de8a115122a31ad8,10
de9772358b74ebeb,10
deadca9d7c5def90,10
decef9a64926eceb,10
ded059180842d72f,10
ded0b72947b56b70,10
dee8c98db492df32,10
def08fa29e0beaac,10
defe6f74845eaed6,10
df0fb2ba5ee9d4c6,10
df2865c8d1e74247,10
df2bbb28220ab56a,10
df319925e60c8ad6,10
df3d219f473b1c4a,10
df576f8c2e075ff2,10
df7a9249edec0e37,10
df8344b71d881b0c,9
df8a42829cebe639,10
df8ec771ab82cfc3,10
df9efddc716a82d7,10
dfdec88962988af1,10
dfe24021d9975ba2,10
dffca71578a233e4,10
e00388a9cfa61406,10
e01440a1396d72ae,10
e06d51e7024abac6,10
e0861e8027b37940,10
e098ee27f0452a41,10
e0a7def6577c890a,10
e0a8e8d17822a27e,10
e0b3664944f5ce6e,10
e0b6836b8a288160,10
e0c1b03d0a8e3ea6,10
e0ce707282507603,10
e0dd3c7026cdb67d,10
e0f1ddfedc050d40,10
e0f2c4ab1f166e9a,10
e0f47fa70d788df1,10
e12cd6c824c39922,10
e12ff1e3f644f7eb,10
e147296c928da5b4,10
e1589c25acb7a1f3,10
e16620c2576464f0,10
e167c4c7ec3e216d,10
e1756c1464a09f3d,10
e18e291a97e20b8d,10
e1b11e4d1901c49b,10
e1b7438b06a4c3af,10
e1bde5fe2c45e8e3,10
e1c137befcf60302,10
e1e9c50777661815,10
e1f5fd11d47a0009,10
e1f9480de3deb220,10
e20966636950b1e0,10
e2260787fad85c61,10
e23692066a037892,10
e239c27dc36873cc,10
e245f2f6163c7a07,10
e24c406152d357fa,10
e26b8f063efa4c21,10
e2713bdd4423edd5,10
e2850af36dc39ab9,10
e293fd16507bf9b2,10
e2944c4b5e1fe496,10
e2a34b41a427943d,10
e2ab90492cd0bcd4,10
e2af4a5b5b399dcd,10
e2b3b1d5185716e2,10
e2b5435ded7cd56a,10
e2c0208b1cec14bd,10
e2d8a491e30ff3cd,10
e2e96608cd47c7ae,10
e3106f9f2eb958a7,10
e31cde15b3c35be3,10
e31fb07c006102eb,10
e321fb82b7ff8f10,10
e32e3680be364d94,10
e3360e3b4294ac7b,10
e33e1ef67de55945,10
e3468429107b3ead,10
e35b599767b8945e,10
e35cf6832aca94a1,10
e37a47c74de7e0e2,10
e38358072092561e,10
e38992c2ca4d9a8a,10
e3a1b5a504e3d292,10
e3a3618fa241a691,10
e3cd5dc9daa53e9b,10
e3d35ca7fb9bfce2,10
e3d7a99b68c80060,10
e3f28a4e5a7174b1,10
e3f4a428ab925752,10
e4153bf9fb77978a,10
e41c9f35c910c0a2,10
e42e82082e552e52,10
e437470aaffd649e,10
e44541e6b8b2414b,10
e46950a8088cc10b,10
e46d64090c7a1ec7,10
e485ea9cf10b4880,10
e4a56ecaae67b6a3,10
e4adb2e50365316e,10
e4c13d231542a462,10
e4c7bd34234105e7,10
e4c85245916d91b9,10
e4e86629b666613c,10
e4f339c1bd5af0e4,10
e50874cddd3f5dc4,10
e51256475a000fe2,10
e524b7889a91f8ad,10
e526f380996cf4e0,10
e5391327a8a8d937,10
e555eb5eeef5edae,10
e556bc3dad3e4d3e,10
e55790c8b2baef07,10
e55a7f74df04a0dd,9
e55f7396e6ed09cf,10
e563026aaa0fc4ff,10
e5682a6d315bca4c,10
e5a089b1818d40b0,10
e5af5592e36bdb01,10
e5b87d66f166421d,10
e5ba06b311e1856a,10
e5d669af768eb0c4,10
e5dec09040c7d048,10
e60dbb704b5d42b9,10
e623b1636ae7f6d5,10
e62444d98aca557a,10
e62b4a0ca995e9bf,10
e6acd732ef56b2e5,10
e6cb86408c733877,10
e6eef24a22ebffb1,10
e6f212fd6bfe0c93,10
e6f41af5eb69654f,10
e6fa9894e40bbe80,10
e71445e83b659626,10
e716cfe83c6df096,10
e7236075067cc3bd,10
e72410f5da00f1ae,10
e72ce78237d8c1af,10
e73121b3860fc053,10
e7375a697b13c3bf,10
e747f8201b72dbde,10
e75914f4505df939,10
e7694a818e257e38,10
e777fd4662616b9b,10
e7881a6f40747f74,10
e7a4036614a2fd81,10
e7b7b9a399274223,10
e7ba7f0e03507e53,10
e83432a0aad8714b,10
e8372dd45b184a55,10
e845a94d91d155b4,10
e8476fbf088bbca1,10
e8478f8b8fb9675c,10
e8542232660343aa,10
e854c52c0732fa3f,10
e87a2fc62c3007e9,10
e88c6405295598eb,10
e8967945927e1b02,10
e8a9b00ca65c558c,10
e8cdc75bbd7de4f8,10
e8e2525421fd3724,10
e8e7f3e717d112f8,10
e8fbe00273df6ede,10
e9004788564b9a64,10
e90d98728204fc39,10
e918d159d5ca76b3,10
e922e5f71bda6fef,10
e92779d30284d061,5
e933ce05a049c963,10
e9397f79675a520a,10
e943ea2ba2763e58,10
e94567b03b708106,10
e946010e7b705015,10
e95eac049cde9705,10
e96610e5bf92df7c,10
e9686c70e33f3360,10
e9792da1a80fc71e,10
e98df77d072e32e3,10
e991db1141e3a449,10
e9a0ac9037117fb9,10
e9d1e94caf2721c6,10
e9e658c120b2a766,10
e9ec18324aaf5081,10
e9f4a47bf355c981,10
e9f4f66cbb72bf04,10
ea0611c44259f062,10
ea2728ef2e395332,10
ea452b69002fc067,10
ea45fe0456337f18,10
ea52acb05aafc3d7,10
ea789c30ec56b6d1,10
ea792198cd8ff314,9
ea7c61190ffe2069,10
ea863a6e7a2cef03,10
ea8e5267687f46af,10
eaa1584a379e179c,10
eab634857ae83824,10
eabdd610cd451fe8,10
eac991dfc9306892,10
eacc5b3714c1ba7e,10
ead4ad58bdd51f37,10
ead7f4e96dbf9aa7,10
ead867c2a16dad73,10
eb10dfd89a84e887,10
eb136cd198b7cfd1,10
eb49e7c51611cb98,10
eb5c0bdb32c88756,10
eb79747e9c1c232e,10
eb950a09cb7a75f7,10
eba285235e3902aa,10
ebaaefb084a326e0,10
ebbea11fcb63467c,10
ebd1abce2784f395,10
ebd82649fb9f6f0e,10
ebdaabb44aec5cd8,10
ebe218472d690566,10
ebed18f9922ced3a,10
ec12ab35a8d25f54,10
ec282ff512f5375b,10
ec2afb890e018fd0,10
ec34d343cd27012b,10
ec573890fcbf9782,10
ec6844ddbbc39592,10
ec6d9e30cfd194b6,10
ec7dffb3e766d0c3,10
ec896f78435cd96c,10
ec8b3910f28d7d77,10
ec97210b5d7392cd,10
ecb0ae4d5c980c6d,10
ecb3ad0d8f7ca9ad,10
ecbdfff5e654f456,10
ecd94fd9accfadbc,10
ecee1c458addeef9,10
ecfc0069165316f6,10
ed030b9401915c7f,10
ed185667320ae9dc,10
ed2237c1fa11dc22,10
ed3143b19bde6215,10
ed44957c5085b487,10
ed5cee0f36789ca4,10
ed6a1a3501fe1c46,10
ed8c56a1f4ff8bfa,10
ed9e5729b886c915,10
edacfcdc33e05cd4,10
edadadfd06e536ee,10
edc31b2b59d0a904,10
eddf4b69a7f73b3b,10
edf378efc9ee4528,10
edf975a57f6c69c7,10
edf994d12cca7c21,10
edfe64a5c860a8e8,10
ee3b8fd05dd64784,10
ee4c0c77e8622332,10
ee7d3e4dc09a365d,10
ee827e8b8f4c5400,10
ee88706a1f2fd51e,10
eec4e405d8fcac79,10
eee1f36844fc6dda,10
ef1053869a9b125d,10
ef22182321d55cf4,10
ef40a808db5a979c,10
ef584927bcd1108c,10
ef5b456535d7b945,10
ef79737a86ff3e42,10
ef8fe666fcaed5e3,10
ef9c29e5d829996d,10
ef9cb60e6b2846f0,10
efa1a484bc44d2c7,10
efa905e56ad76f68,10
efb8b2077fa5ee15,10
f01b0fe9a870e235,10
f01dc586326b789c,10
f03c8ac2897345bf,10
f04ca7f7646c7969,10
f076ab2fd83b37b1,10
f081f780d4ae9b07,10
f08693a2a645ec0b,10
f0883696278fd895,10
f08f7fb9bf6fa5d5,10
f0a6ae0af2aeb9dd,10
f0c5ef8a17f2e40f,10
f0daec5b05c1c474,10
f0e25c5a3d7a2dc4,10
f0f2f5728b2643d9,10
f111bce1a11a3b67,10
f127c98ad6e814d0,10
f13032b196843270,10
f18493475df4bc04,10
f18c3183b9a17145,10
f1ad67a2a30f2af7,10
f1b7a731e23754fe,10
f1c130363aefaeab,10
f1c511f0de78f122,10
f1c868873d9ba2bb,10
f1ca48cfef02a9db,10
f1d645831c710283,10
f2055a2aab2e9282,10
f2056ce8ffbcfde6,10
f20d3140d5e1da47,10
f214edf1f3e4f25e,10
f21fe9a3d7a6802b,10
f228eef7d941930e,10
f237d82876c3f664,10
f23b44bd031c20bf,10
f23ff88287133b62,10
f257efe929c1ab2e,10
f26accda4d6c5d59,10
f2766d41470265f6,10
f2889fe019793cd0,10
f28c06e9a5db1fe1,10
f29e4aebf583c0ae,10
f2afa79094d2dbe8,10
f2c7aa22e4c07abf,10
f2d4f2ae122c5fe0,10
f2d7653c90c44335,10
f2f1dc7aabae2b7a,10
f3279b27974fd379,10
f32c60c2a5090156,10
f32d050885b4b831,10
f33731d0483d1e93,10
f33cb2fb56daf0b0,10
f343c51f1cbd31aa,10
f352d53e4d0e3aef,10
f3693889130515a6,10
f37086ea7ea18c9b,10
f38d9adec0d228d3,10
f3b59b7b3345ab4c,10
f3ca88d2f540cc96,10
f3ddeb5e90503a45,10
f3e5de0be10ab461,10
f40412b4917719d7,10
f415fa0835ec34cb,10
f41ac464dd418e5b,10
f459387ad29041ae,10
f465da624f61adda,10
f46c81f7c973c799,10
f485ca80cf34808f,10
f48ad7339f5694cc,10
f4b1aa8cbf905e23,10
f4b9db0a84e597b4,10
f4be25871287690b,10
f4c19f66ba47ffb7,10
f4c7a07ef00703ab,10
f4ded900f6b88c7e,10
f4e333c1ed013a07,10
f4ef83d6cc8a95c5,10
f50381543909aae6,10
f518ab9d1620dd3a,10
f51d237361ebf853,10
f52af6d237759298,10
f52cadec859b7d13,10
f52f8f9cd60d2f9d,10
f545358375f002eb,10
f54ece1662f95d50,10
f550d245b7a9d24b,10
f55eba2957505228,10
f5717ba57565bbfa,10
f5a608a7138242b8,10
f5c26225961cd887,10
f5c98a3fd24aca48,10
f5ce9823eded54bf,10
f5eb7c5f03eefec0,10
f5f627666797d937,10
f5fba7077eacc895,10
f609b5ef7c4a50cf,10
f62231b4c2ffa1a5,10
f62ce7fad4dc097e,10
f63514e51beb6237,10
f64575c2b892654a,10
f689809705533e0f,10
f6b6f9c9fd979b7e,10
f6ccf498e1d81cdf,10
f6cf71fddafc7820,10
f6e49ab11b81db19,10
f6efaf2acb372448,10
f6f494e340e75e51,10
f7059f7939cf2287,10
f71e158fb97921d1,10
f724e39d283f175d,10
f726d996f4363336,10
f72e69317496deb8,10
f74db8b4d0a14276,10
f74dd931ebb7bc1d,10
f758db5b80a284eb,10
f7660a0913591227,10
f79bb75ea3eb3dc7,10
f7a3cd5e2e514991,10
f7c0ebd0bfd08951,10
f7cc18e4315c7823,10
f7d3d6ed52703032,10
f7d474f5ead80c6c,10
f8095f194c7310e9,10
f81ce2b90f0848c8,10
f8290636c1a9b27e,10
f82e58055a1b0db6,10
f82fa235ee6ed757,10
f834d131eb518397,10
f838c76710496a1f,10
f8658edaa5bc3fcf,10
f88ce18faadb71c4,10
f89c115300356a76,10
f8a97528a608655c,10
f8cb068b30d28aa8,10
f8ec0ad4bb9880e1,10
f8fd3edfd3966faa,10
f902255148b06516,10
f932becf86175f38,10
f93e5550ce892a00,10
f94b74807fb6d2cd,10
f969409ea5f2fbc9,10
f988c661384a0d2d,10
f9cf7e05877a5bc8,10
f9e0f097676c9111,10
f9f58a552c3509e6,10
fa084a31c63dbfb9,10
fa08e736689ab7ee,10
fa1bd9a8905ede31,10
fa1f63f766bc861d,10
fa3e6ca973532037,10
fa53ffef28f2e68b,10
fa5c1e63d964de1f,10
fa6c13796076d529,10
fa7e8a220c5bc880,10
fa8011d7e2ef4b37,10
fae2ff9ffc3f37c8,10
fae911f0e38fa8ac,10
fb03b76757bc2f57,10
fb04c86f77aff213,10
fb183fba66765857,10
fb1883afeddb8d8c,10
fb2f5c89a9bbcb1b,10
fb3c6a23d0381eb5,10
fb541ffe748a09b4,10
fb6f5d6f640cd0ef,10
fb75b046a60627c5,10
fb7c37c00bd18ea2,10
fb83dc44945b9197,10
fb86694c62254bd5,10
fb904c0909b43576,9
fb975e1617a9192e,10
fbad0fd4e657d536,10
fbb300951ad8327c,10
fc0aa1f33474975c,10
fc1dcf6ede04ee34,10
fc27a210f0e26894,10
fc292e446547ae3a,10
fc45d273dafb078e,10
fc6b815d6325769d,10
fc77497671da4c4e,10
fc7b2a066bad7db9,10
fc8626c541d70a12,10
fc969033c284ba1b,10
fca13b89859e5f35,10
fca9091ff6e30c34,10
fceb0eec47c95412,10
fd081687b8bd468b,10
fd221298749574de,10
fd2fca48055e4ea9,10
fd3d3d96fcc139f5,10
fd4fc2e0d2d2281d,10
fd57d3ad70b5bf6f,10
fd70f3c7f0ef609b,10
fd8356de60501e4a,10
fd8fc20be34b5c44,10
fda9224aee835838,10
fdbd178ffa73d508,10
fdbd7ee59448e997,10
fdbda4f42ae325fa,10
fdc7da9e636ecc76,10
fdd15e6b9127b86a,10
fde32432475c9c1f,10
fdeb1723487548af,10
fdf2b0d33dbe48a1,10
fdfdf21f82d74ed2,10
fe1ee20b8d29e55f,10
fe20318c0aa998da,10
fe2b008e8d47a452,10
fe364bd2720c21af,10
fe366fbedcb16c60,10
fe47917dada6bd37,10
fe5036b02cdae521,10
fe6dd41aba7e387a,10
fe87b15044a2abc3,10
fe8ab7b253d94b5b,10
fe8c57bc8fab383e,10
fe9c18fc657850f4,10
feacf99dfe77118f,10
feb2ba39a2653700,10
fec40674312db1eb,10
fecc21e748856b03,10
fecc2f4104a950b3,10
fefc7dd282d9e0fa,10
fefda1bd23d85389,10
ff0fdf86f60bcf5d,10
ff12c73b5147ea33,10
ff2405178c19fe69,10
ff31a2454d86a083,10
ff41aed69d32573b,10
ff43fef54380dc46,10
ff4e3513663319be,10
ff607dafec43329a,10
ff68c33a1d4df1c4,10
ff786f63e6b10d18,10
ff7a5209beeb2299,10
ffaf51a4b1c445c3,10
ffbc11a9413f765d,10
ffcd541a539da813,10
ffda22cef36f7b4d,10
ffee707e7f60869a,10
ffeff6e4c32e9fd0,10
fff9913c8be5e3fd,10
